FileName,Label
00000011.png,31.0
962696ee8df246c1b4157ba5e8b1529c.jpg,26.0
98eab0a1af5043d4b33f4cecf73e48dc.jpg,37.0
6c22904780ce4b93b700ea17d7e46746.jpg,16.0
51fc29cf72494fc78db5e31539b60729.jpg,14.0
9d596a5abf31440fb233580ce77b2275.jpg,7.0
169e1e39e3f046a0b325b38d45f721b8.jpg,44.0
919c63b46028492e96c66e8b17d181c0.jpg,11.0
d9d484e445d94978879a7c1459b51260.jpg,36.0
23e845e9c90041c88ffc59d9d0100ddc.jpg,40.0
7397cded975d4536aac58ae5ca777c1c.jpg,9.0
00000044.jpg,31.0
36ea6b7f28ac4a77802be5fee1a80bc8.jpg,17.0
a61184829b2e4829a420179eab5fda5a.jpg,39.0
1cc121bb431840038eb802ce67a0b382.jpg,38.0
74286d4e06b24689a75f2044e0f49098.jpg,41.0
80793d374bd449138f8c605ec95f5b20.jpg,41.0
b4eedf82e2fe48e19f73653784992fd4.jpg,14.0
d013a1f1bc564e2ab0519fe80a22bc02.jpg,33.0
b6d70f7b21a44b1887e00c0251e7cb81.jpg,3.0
be3295670d754610b0d073fd57c57713.jpg,3.0
abc2ab9953374773901a56df14d10b30.jpg,21.0
7eb3812994934b1ab149fe91d15efcb1.jpg,18.0
460351fa75384cfebdc75ebe1f92bbc4.jpg,24.0
684489f913c544e89919559656815b18.jpg,16.0
515ddbe564eb4e799ed9235d98d74ff5.jpg,39.0
4fe2630bbd4a4e249bbde5a9d2786d14.jpg,41.0
86bf9cf35ccf46e485c17f41aef9578e.jpg,49.0
69d4b4711ef74ff7a90535367aa6508a.jpg,13.0
e1123a71e5754b53b74ccd4295f39861.jpg,6.0
97992d1059714796a9e5d9aa10655644.jpg,27.0
9b4c346d66674382b35ac1bcca4aef82.jpg,40.0
b3c8cab3fe524261a6ae2bc865b30cb7.jpg,40.0
6e24a9d251c44a80bf84849d2227d047.jpg,0.0
77beba8c44e4418782f703773af26b0e.jpg,19.0
a0d049049fdd48078eaca651e4e26e54.jpg,0.0
30badda10c2645d4af3525dab2bdc287.jpg,38.0
dae04152ed9447279c13062cfec174f1.jpg,26.0
8dd361269f0e4a66ad5813f106b100ac.jpg,29.0
7c6a82d546f94ffbb2d0773b9e68b678.jpg,24.0
da3152fba54a4e37957baff36598d8e7.jpg,49.0
b2a0360e081f4651a760bf1e3483cee3.jpg,11.0
6ced40269c914c0bb713ec7981fd636f.jpg,39.0
7a042de42fac41f794b964884c780e66.jpg,30.0
79b4119f69bb4bcb8d5f7118f1fd01f2.jpg,25.0
5536a6933086498c8456496c6a2e0ab5.jpg,12.0
922947722916471f8e4e9c345eec81ca.jpg,37.0
b8a175624f674ee5a7bb94e654e0420a.jpg,34.0
9ac1699bc05e498e85cc5fc3f0aeb4c0.jpg,26.0
65a09fb73606472f81764493181a6ec5.jpg,16.0
ae378dcbcb664556bfe49006e30d9971.jpg,27.0
5e30226f06e741c2abae09d599bdf5c2.jpg,28.0
3dc21e08c0b847e3b0dffa6285190219.jpg,0.0
a8c5ede280404611898e73627b07c841.jpg,3.0
c36405a4ca4540cfbe10609a9cf582b3.jpg,28.0
db5cd7f01b8f4f548884a76a418acbd5.jpg,4.0
4a8830ff70b84c9892c01ebf74885893.jpg,18.0
00000000.png,2.0
da611b2d0ef04cc3b36a37d79847f9d0.jpg,43.0
097c5bfe23fb4b3784d80a1847318c06.jpg,32.0
a686528779854df0b056839799b08031.jpg,40.0
6ecf448965604cf6b597220f659d0edb.jpg,43.0
468ae5ac2d4c4048b4daad94a6363371.jpg,30.0
3dfcd7414b2349d1807d58bf6c145dfd.jpg,28.0
2f5f0ef4fa3a40668e42864f7e7ece1b.jpg,33.0
974ed3485dcd49f792e66aa3e28b1f57.jpg,9.0
658e33ef42964ed9a654d44a6d55e632.jpg,38.0
3af29b5daf8442ba951be43bdffb6935.jpg,33.0
19dc6441cce546b7a3804882399461f3.jpg,14.0
d939e368d91442faa19cad6c3413e531.jpg,7.0
412f84a28dc041d4af00cedce8b94a39.jpg,7.0
b8e8ee23d7bc430c813b75d3f14ad6ed.jpg,17.0
99aa6788f29747ebbf3cdeeec8566b30.jpg,25.0
e014138c8e3c4c5892f1e0e23e2cfbcf.jpg,49.0
2832613232644720a2d4eabac38f5cdd.jpg,27.0
23fbee9992a843e4a80771d6d2a6d40c.jpg,48.0
732858b87f2f401e9968273dffea6b35.jpg,15.0
eae42dbcf4304d9a9a761483bfcef06f.jpg,0.0
66080a875f1342fa92207f99b5905d7c.jpg,16.0
8e957d38745d45938157b778ddd20ad9.jpg,16.0
41acbd1aa6224c21a1ac1a02fcbd61ae.jpg,39.0
17d9534325c148a083b4e1526ca3646c.jpg,20.0
40a6034cff97473eb20df09de5a5ba33.jpg,34.0
ce1cca1d0b554a9a8f3a8a8ebf685b89.jpg,1.0
a961e0a315e14a06907d8a6258c959d5.jpg,30.0
b4aabea00b6d46e18e35f2f8598fa016.jpg,32.0
a7c7ca000d4f448dad932bacd6257800.jpg,48.0
deffb18f4b594ba1aa65119d3d081553.jpg,8.0
986a54659305426a8bd922079c1f0455.jpg,48.0
c5c55a0d0b714de7a6f6ed503294725a.jpg,39.0
0fe1dcce097942aeb6df5d06dbe5f580.jpg,8.0
859f1b81bdb8427487cfb16012c54ead.jpg,28.0
964e57b4084b4ab393a2670d7939ef71.jpg,36.0
9e2540eb00e14120a9888734db143af6.jpg,23.0
4ef84535eb7f465fbc542584e8959b1a.jpg,27.0
5dcea0da596a42a58f8c44a0506f997c.jpg,17.0
57a3716272924643bd20449c9b636538.jpg,47.0
4d8fc9f19b7b42d88f4aac36c0198820.jpg,13.0
5f2f1965691041c69d190737a04c3c11.jpg,8.0
80f3a73e5e084cd4ada14d98650c4274.jpg,22.0
435ff9375de54f45bdfd4fd795c1bf86.jpg,27.0
9e5d3f8a797a407a9593c19a23914035.jpg,44.0
b7294d88c8f7458e8b6a86e33a5e1929.jpg,36.0
733998ccf74343a0ac70e96f96f5da60.jpg,19.0
3dab3dc3c7284eccb0380e7f7846e297.jpg,18.0
77648066119846bc8d9a9aab4c86a2ac.jpg,21.0
32788ef6b88a4884ad6aeaae156600c1.jpg,39.0
1dfbc77bc7594c87bb5e5c1019a00875.jpg,34.0
738ba93b650c49b7a2d3699e129efb22.jpg,15.0
00000028.jpg,23.0
38194a8e2c984c2db753b63c09175dba.jpg,33.0
3290c4e18e274935ad20fe9b8898bb9b.jpg,44.0
679ec6ca4439491ab04e568ddeb7981c.jpg,21.0
7d033c8516304cfe89af172cb065f666.jpg,35.0
1bb46d5d5c704c1791a70aa08d7df7f9.jpg,34.0
1c59783061d94b43a764bc0df359d764.jpg,33.0
ede79b7e881f4632871eecf519918720.jpg,9.0
d5a5de3171d44ff390da18206eedc522.jpg,11.0
f0b8165629f949cc8495996d2bd14148.jpg,11.0
5b6df18554bd4e2194fe24d189210bb0.jpg,40.0
1b25533602de4e6e8f991799883e1633.jpg,27.0
8f29c5d5a03a4fceb93aa937efadcc92.jpg,16.0
13b0b58edad948e189aebfa78d5f472d.jpg,45.0
43195502bd4c4cc686975c07d1b1a0ed.jpg,27.0
8788a6276e8f4704b1671c98cb8e2052.jpg,36.0
a145758fc1954a128a76c79a886953b3.jpg,34.0
452ec00ac50541dbb6fa79de11f1cc76.jpg,9.0
5dbe162da4ba47699d6d4efe818e1ea4.jpg,40.0
c177cda0e3144a388243a212bd30efa2.jpg,8.0
aabfc0156f674322ba27b2e977d9d787.jpg,44.0
b880a46575bd4c4cbcb67e790aa3e509.jpg,25.0
95c8929dda3a49189ee3f77a51b0c296.jpg,25.0
d02ccd31bcb245f89dceb77e85230c09.jpg,9.0
af2bb12b61a1494791a684c9e1e06cc0.jpg,0.0
ee2e4fb4c5b24458aea7359397dd7eed.jpg,43.0
89abc326119145fb942976aaed73582b.jpg,36.0
67eb0432517f4f6f9cf7a9a8f67ddbad.jpg,22.0
f9f676c439bf46658033fc48587b024e.jpg,5.0
22065f3a6ded42848b3772180b97e3f2.jpg,12.0
96a9bb53943f4ed990e109b4d4c14cae.jpg,38.0
570ae721c3554c64ae8c2ebcb58b7772.jpg,49.0
200010466.png,23.0
58e0a7b110f340958a69ff964fc0930c.jpg,47.0
125133c3046d445b8565768156a5ff5d.jpg,18.0
323d6292ed7b405da0188fd15fb543d1.jpg,42.0
1cdba87b33c248a3ae7dba228e179f8e.jpg,27.0
421135c1cc6a434e9dc7e4620f22dee0.jpg,13.0
9009b45e64c24ec1b280ba23f37150e2.jpg,36.0
09e2756edbf945acbcf5d0d7118112ae.jpg,15.0
fff5bd593a5e4ec2a085fc6005bd3d02.jpg,6.0
74632dc563b8495e804673a0b34861db.jpg,4.0
86bb90ab1ddd41b38ded160000b9c66a.jpg,33.0
f194e94ba6334f6181fee1240b01dd9e.jpg,3.0
8003f3d242304def8f3a7a364361bfb3.jpg,43.0
a105ee29e65b445d884b9e55a5510917.jpg,7.0
e3918b70301c4516aa755c25692879ba.jpg,8.0
821d7c4dfbd84ad9bf482e04ebb8f436.jpg,33.0
1d43db642d584a6998ab764027adc259.jpg,35.0
6f1eb0de71ba4e6299a10df8162e8299.jpg,6.0
2e1f03093efa4f4683761505b0ab4863.jpg,13.0
871019441e3f47d985d4c861459a8fd4.jpg,3.0
42bad9448f2749a8946a4abfe7aae252.jpg,49.0
c138bc8456c74de18e272304d01afdff.jpg,39.0
5ccf8ee118f545aeb4960e228edfcb80.jpg,23.0
67f6ee8ca73a414eb6731e88986b5b16.jpg,18.0
15a49e9a81e84994aff0264438eed482.jpg,6.0
964696dc396549dd947f815dcff75ae0.jpg,43.0
b2198055de084c8885a6b635e300bbfe.jpg,22.0
a030c79cbb014e18891842da7a44a155.jpg,4.0
4ab4da2ef51f4fffa7daa94a0d2a7b4f.jpg,30.0
147437d570714abd81fc60973267cc33.jpg,41.0
200010461.png,23.0
7903f1b8ac8d4b0a90efde743a75e40e.jpg,17.0
9bd61a17ca714d42a609f1dc52d8e0ea.jpg,13.0
3716be942e7e4d8ba67eb368e5acbc0e.jpg,18.0
46fbb7052f8c44b3bebde55c173242b7.jpg,6.0
7dafbbbb85064a2aafe4ae7ced260787.jpg,43.0
bbc9a016ca48429caee12b7e7e5eafac.jpg,15.0
68d2397bda2c42f1b5301d06f6561c14.jpg,43.0
55cfb47595ec42d59f6a049c063145a9.jpg,24.0
579a741c032e4b1eb25f346bef54a723.jpg,41.0
49e18cf97e9d4b46961a53c52fc56bac.jpg,25.0
43f5660202a946f18178a962e20396d3.jpg,30.0
9dcc77b2d0a94b6191ccf62e7c15fc90.jpg,23.0
39a31e1c0aea475aa37ce3c60d1495f5.jpg,31.0
a1a6ba0dda9c480bb41d0afcfb8adc2f.jpg,42.0
45f4f97b00364ff3abcbc59448442e08.jpg,11.0
1fc64077c2f54802b3587c24e9df7483.jpg,42.0
83777e918a1c40deaa0a3548bf0a7852.jpg,41.0
da7183d066a449feb6bf3da336889481.jpg,10.0
ab3455a7f612468a862657a3d35adc95.jpg,25.0
ee6a60ad4c8b4a559e05faa865e53204.jpg,6.0
b4482a23eab94574a5e43dc8b4f913de.jpg,22.0
00000006.jpg,23.0
6550cfaf4e7148c9995fc638ac7cbcbf.jpg,24.0
00000006.png,2.0
c30420a6c7d84b728f068ec25017da65.jpg,36.0
6e56af68d7794e12bce834a729fb9476.jpg,17.0
66e31869a54a4ec4a6c1988f555627f0.jpg,32.0
b8d40d01be6b423dace87af27968755d.jpg,34.0
265f3bad030240d99cd047d673f0e267.jpg,14.0
02a1f0965ad3430996d5a7e48a796ffe.jpg,21.0
9378e95cea6a4d4f99a12090939eefba.jpg,34.0
48b14f65a4c74d57be4f9e00163b8a87.jpg,40.0
68cc540fba064c148d69a93e04ac8ac9.jpg,29.0
143fab8c19e447c89b83b71d7638f167.jpg,26.0
01ac782d3a70405d9ed2d4dd11bed17c.jpg,22.0
b6e808182dfb4fdcb149a348f259b21c.jpg,41.0
1a7d0b37bdea4a47a8b62d7f64b3f78d.jpg,19.0
7d07fd6776fb40e9986a1a0f62233325.jpg,8.0
76e6f4eab7c640bf9fec20c32bec6d30.jpg,10.0
b496a56f31524e8d96cd4af954c84b20.jpg,33.0
5705594c63754365bd5393de04a0d7b4.jpg,48.0
b31970f20bde47bea5e5f65cf6c7e9ab.jpg,17.0
8ab083905ea846efa0e1a3ff500e55a5.jpg,23.0
d03b67a8f4bd4103bb3eaa62c21724be.jpg,22.0
ca7a2d2169ea4e509fe04ac06226fd81.jpg,32.0
24fe6eb882c74e6892d771b05df45630.jpg,25.0
c82c721c24f84dab8b4a28384cb3d033.jpg,21.0
9bf3c909a7b740cd8505575e3a95744b.jpg,23.0
0a466b4340c04f3b8f7083c54e3e7878.jpg,34.0
b9d19187c6b4450f8fe7371a89bb4c9e.jpg,41.0
80dc1cb94b0a4414ac2618fbbc40d5c5.jpg,37.0
6eff6704a1f746b1aa3fe1520f891083.jpg,11.0
3c12e801bd7e4babad9a1e27ac21c055.jpg,32.0
48b16dd8cd914e838894d1f25fb4e739.jpg,32.0
10da602daf1340c4815bb320dc77d61b.jpg,46.0
5871355da9224d3ca4eae8573b348eab.jpg,37.0
938c71f2b53a4811bdf8b34edfcf76f8.jpg,16.0
62df9ac93f074efdb1b24e8a69a6bcc8.jpg,47.0
9309545487fa41058ad059246bb0cf0c.jpg,6.0
4e37157e3877445b93b6f1926a426fd3.jpg,2.0
0e056db76b334f25a34883db1647c430.jpg,16.0
33a505aa68e04c33867fc803643c96b0.jpg,44.0
6d804f57bdbf41b3a06467da2184d24b.jpg,21.0
8af3c739e401409f9cc7cd7971632ee7.jpg,38.0
7f66647fa5df42a898240dcffe49e763.jpg,49.0
79537a06ec0a4cc39a55145ee7dbd5f7.jpg,15.0
065beebaad9c417ea0f5c2900058cad1.jpg,9.0
89626a599c504658bdbae52c9acaf77c.jpg,19.0
41b73ada3af24cb68ab42e677e91d372.jpg,22.0
200010465.png,23.0
d7e1bb3415344ec7878369e50a4a33c9.jpg,9.0
ab040bbba284487cbf27d38d3811c8c9.jpg,37.0
a4c223df526c4e81a2f4bef8e89b6097.jpg,21.0
adf2c55f426447568c06ce68b1f53bf6.jpg,40.0
0481cf975d714a4ebad25daa905462f0.jpg,27.0
b1e756bcd220473ca444444773403033.jpg,32.0
3831fefa68784c44a908fe95c0c716c1.jpg,17.0
7eb9dccc65f242878619762204180dfc.jpg,19.0
65c03191d06f45e980ff6dcae00f41f6.jpg,24.0
200010476.png,31.0
57d66add23a74378ac90df1a7fdb38d5.jpg,37.0
f40ab79efc5c42d3a021e592762274c0.jpg,11.0
ab740ad45d18450d882847af9bce365a.jpg,14.0
79c32371b81846c98f21e3f7c03ea39b.jpg,21.0
818014085ff04885b31eb5e8737012f2.jpg,8.0
87529331a47b4a5cb5d10a6b3ea46d84.jpg,8.0
c80d0f11d7e04bc881926e34914298fb.jpg,11.0
d009e3ac3492428a8f38b603427b5ac0.jpg,36.0
9d84e2104f1543988775b48ee232b812.jpg,4.0
b9f9217a632d4aabb894557619ffeb7c.jpg,41.0
05839e9fc2b94d959bf2250d0e68f74c.jpg,8.0
250ddfcac5764324a5cf776d7cb53d3b.jpg,15.0
c32a3873868d463c975288d774bbe7f1.jpg,10.0
1b2ecf68ffc04afcbac7d98159288b32.jpg,19.0
c519a46ca75f41d89f69afadb6ceffe0.jpg,28.0
a4e0e648613b44d090bc9ae1ee9e5a19.jpg,16.0
2ce9f8fdf43b4d41be57e736bf80eb8f.jpg,2.0
2c908a60896d4798b4c8fa49f145fd1a.jpg,19.0
46d8cb6f866f4feb8eeb9bdc6c36515e.jpg,30.0
3f0ab82f99c940f3a76eb8d9f476b9f6.jpg,22.0
653619bb1afc41769095e4e5a81f7c15.jpg,37.0
b45b8e0b324c498984ee27f8a7560f14.jpg,11.0
0552cd4a9ba64c11893716f67108f8a5.jpg,0.0
41adce385c0e46f88bd2e6a9c8a4cf01.jpg,19.0
8543e276dbdc4929af67b4d8584f0a62.jpg,21.0
ab526b08ac5f4beb9110721989d01110.jpg,48.0
2a1a51667d764271958221642e59efab.jpg,47.0
df28e32e23cc42989a27e8bc25941569.jpg,0.0
b90ae36437f54197a244fee989111bc9.jpg,44.0
56f013445f4d424aa19754c7a4b6ffb0.jpg,25.0
cb1bddf582304754b261c55d821e56f1.jpg,25.0
837bde20cf0948f9a34c59f81bbfda41.jpg,21.0
2c7d13cd29e64d008f5f10389fbbb6dd.jpg,41.0
42870d7d13934236ba785c61618b61b8.jpg,7.0
971f921b9d7a4e39b19d90fa9407da8e.jpg,48.0
7ae90b1ce1784256b89e616c6796b3e3.jpg,28.0
aea971fbbe394a65a678b3145ff1c46f.jpg,32.0
76ad86c0852b4928b8174102994868e6.jpg,6.0
1e173e345b314db5925170235fedca91.jpg,30.0
200010458.png,23.0
2f14cb07fe704e4a800a52711c794587.jpg,17.0
3190dc80db9c485ca14c6d255ff5dac7.jpg,14.0
52901c9804e44c2185e1fc34768cc6ca.jpg,37.0
196c6560fb014bf8aa86b66de5f34236.jpg,17.0
4bc780e25208430aae19403c563d8898.jpg,25.0
52f594b4514e46e7ad71cb17b805d156.jpg,15.0
9f69cb609e3541549c1f6522ffee9831.jpg,24.0
c7ae5e29572c427a9d701d200c4f448e.jpg,19.0
720b09ef421b4a62931c79d406575495.jpg,33.0
24ac5441cf654aad90e0585bc105b15a.jpg,21.0
8b27b8fffbdc404ab61febc0bc3f2b53.jpg,2.0
00000007.jpg,23.0
90a1137448f44acfbd1c8d17492230fb.jpg,3.0
d5f889e27fee4d95ac98ce9e581cd1db.jpg,33.0
92e07e324fec437399137c253fce8ca4.jpg,38.0
b572d473727e4601914f941cdbf1a640.jpg,39.0
3d9868fdf4f24728bf9e390c48ef76f9.jpg,45.0
0272898d8d2d45e6a2207cff12f66ea9.jpg,10.0
337b5b4a8d1849c9b8251c2dba431265.jpg,20.0
ba5bed101468419fb8e4f74ed186864a.jpg,44.0
ca99ac5fd9e94928a50c74c15cd32fcd.jpg,36.0
bf24c7d2d85d4f5f89a914568976af15.jpg,33.0
27030c71f64643b794eb2268ecc74a1b.jpg,15.0
bc179475eebd47b686e25b9005f89d8f.jpg,25.0
05b234f66326439d91e906d635ca6d61.jpg,14.0
8ffa72c9e2f3414ab1bed657f376dc15.jpg,41.0
36bf14032b384adf87e6b378f776db58.jpg,43.0
5b4843b38aea4d8a93646e799155ca5c.jpg,25.0
5d87305944cb48d59be7698b5ce118ad.jpg,30.0
0897ceef4db742d49fea7296de9d9b21.jpg,43.0
4cc9dc4fd1984595bd55669c379dbd17.jpg,36.0
00000004.png,2.0
aa7fe676d56b48029737a3117283bea1.jpg,9.0
1dd314a4b2b5499eac77d08807dd4953.jpg,24.0
074a08af9afa459196eaaed2947b054c.jpg,22.0
1b33da81ffde47c8ab9bdc8b974afd9e.jpg,38.0
bd15ff8ae28841269aaccd2d607d2bab.jpg,19.0
64d9ee273f6c437cb427302e8c99dc9f.jpg,0.0
7362de81ce3440b9a2a19b0081222e5b.jpg,0.0
d0e2bb0d08234afb8385b440b745484e.jpg,40.0
b83f2acfe79a4bca89259f633482759d.jpg,22.0
a94288fc5a1a45689b7c4b3f1048100d.jpg,37.0
a4cb69ca415e4cecba5f41d3a8bc2105.jpg,41.0
bcd2f07fe54045f09275bd7aa6fd5359.jpg,49.0
83af12ad2a2a4090805f09089c9afca8.jpg,4.0
2d1ed2a8fe3944198cdc8d4ba4d225ab.jpg,39.0
877b7c98f2674e61a97be8dc089ba650.jpg,38.0
98d0e7bc264540d6a52c7dff9293a6d9.jpg,11.0
4788c04bc03143c9be168d57beab9bd7.jpg,7.0
3bedbd6570e34ab3a35fbb33fbd3735d.jpg,23.0
a5b0fa8086504e3582fc095a82bb94ff.jpg,10.0
4c021839fc7d424dbcd6be33a6de1738.jpg,31.0
7a2ecffa0c4f4d0f90ff14e6254692a9.jpg,18.0
ce2847b1c9bc468288f15a78ec40376e.jpg,40.0
9b1d8edba7f145e288a2686356747425.jpg,48.0
b7b9152d70ab4deb902c7a7761bc3f5e.jpg,40.0
55681c35d2604ea38c57a7cb6f910f95.jpg,20.0
94600e285a3f459299cf61c5ccd99cbf.jpg,26.0
00cb794a5c3f42b6a04905116f60d44d.jpg,27.0
81a180bb2d6046c38b32e4bc12d0c086.jpg,30.0
2d9e09366df54ccfa9a453c53c5c68e9.jpg,34.0
969eb5bf3f5d49b58f20f1a20d5efc3d.jpg,28.0
7581e0718fde4670806bdb491577f5b9.jpg,9.0
15d41c09e35c487e943f89bea6b7c1d7.jpg,48.0
dc75db21395147aa8b4cfae0f5e615c9.jpg,39.0
802b4e5414044f1f86a3c16b0a988a1e.jpg,26.0
5741fea573e94531bb1769aade930c7b.jpg,16.0
0c6d8eb73c784ba3b6d8a5b41142d7a0.jpg,24.0
6d35c87aca564650b76e37d67b40833a.jpg,41.0
dd1a854aabe74cd785f51e4986fe990a.jpg,30.0
71360d01a2af49a8bff348ff443b91d3.jpg,19.0
63586f8e5b1b4dddbaf7924acf09b616.jpg,9.0
8690cfdfdda746dab4de1550b87572b3.jpg,4.0
213a3bb9af644d74bc439e48f22e2658.jpg,41.0
1321cc68f4c14b7684eba6a204f96104.jpg,49.0
18e9679b5438491aa1d0ed11184ff839.jpg,2.0
2caccc7bd3f44d128a12adb728dea3d6.jpg,38.0
888b10c39bc746d1b0de5f15f4b27b93.jpg,30.0
ac3c89c1dfe64527be731ae2a9ed57e0.jpg,16.0
689357e94ac744099e173205007579e3.jpg,19.0
27bf742d7bef4ab19577a0e37e84afe6.jpg,2.0
89c4cca07a494868a793e4f071ad5aa5.jpg,43.0
c1824363cd814e26a0eadb8db38078ee.jpg,20.0
33c1d5d5615d4c6d9b842ee16047a590.jpg,4.0
a3acf4a5d1014f238a6b35d62a194ba8.jpg,0.0
1fe34dae569d4b0984a38b929d4a8075.jpg,14.0
783cf135de324ff0aac6112ad7c90bf0.jpg,13.0
26a4771acc094634b0f9c9868d4746a5.jpg,25.0
227308b2845b45539a01bc374c27d531.jpg,20.0
8a403129c5d840739d06faa5ce93c270.jpg,43.0
c976e3e93b54426c9f0562627249e25b.jpg,28.0
957043b7d112486abcb7b867ef290928.jpg,40.0
5c4be189bc0a410b82370ae85374f605.jpg,20.0
bbbd0675cfb44c4e8c1af1ce9967a05e.jpg,39.0
3ed85773136e46fbb188af9fbbbc042d.jpg,17.0
7c1b06fff14b44b094d3abf9b99f777c.jpg,20.0
615dea76d8b3443d924ae37b3452cadf.jpg,35.0
6ebe5d1b763e4934a4973fa1d6e20edb.jpg,36.0
66e8d2560626450c844ffb8ef8aa7b04.jpg,14.0
4f61c10bb2144c199aa49b576cbd31fc.jpg,26.0
342e22c245ac445886577a6768687fd8.jpg,13.0
7a545eab1d3640dcbee166bfbefa2ad1.jpg,41.0
e58c590d1724476a9ba50d752806e776.jpg,5.0
25b532bd4da9454c82f77c390559ca7e.jpg,10.0
81fc7796c1b94898a296d2e1fd85cadd.jpg,9.0
0f96623f13b8436d9a441b14038f10e8.jpg,2.0
f1d64420e6174487baee2750816e64b2.jpg,3.0
f7046765fc224a14a6c25b258f953215.jpg,18.0
78caf3be9d3c4d3f8f02d8686ade9082.jpg,18.0
9923963215ac4225922f7786b53abbd8.jpg,38.0
4a6e129d0fe2439b927d8c26c0eff571.jpg,5.0
0d4202ba4b5148ebb48934b569219ef4.jpg,44.0
0547097fdaf84c0087aed0710d55597e.jpg,27.0
57af02d7deac4e7cb43805eccaaeac3f.jpg,13.0
7a7be4aefe584151ada8b740731cb705.jpg,33.0
bc4a7176471e462f889e7743d69dde56.jpg,43.0
8fc1c97f49714a53931bce17b54644aa.jpg,27.0
c2e04254ecb1404d92a18bb213b68c6a.jpg,7.0
a03e4a0aa33c40c9af86463eca0e8905.jpg,32.0
b7b96eeccf52471d9549cc374d33d9b4.jpg,33.0
df759b4095cd43669ca0252e9376e727.jpg,39.0
c4bcc8b2576142d9a4ae034254b33ab0.jpg,43.0
c4ff56448286496dba5412c32227022d.jpg,41.0
4c5c3f489f7e4be898ff7dcdb43c6616.jpg,21.0
6ff161c2757e4fa98497c2431226e894.jpg,44.0
50d606fe71a64cd7b47fbebc14f145b9.jpg,32.0
94bd11db611e433ea029f32eee721cb5.jpg,22.0
f8e16b70571f492a9a86040e16fc7e58.jpg,10.0
1655b8b49da74b66bd5a3b49e18c64b4.jpg,33.0
00cc01c6418b4a268691127baf8cc8ce.jpg,21.0
503e8d7b58054949a2bee421c56733bf.jpg,19.0
200010443.png,2.0
a1aca4cd614640309d802b7b87e688e1.jpg,34.0
d55b8cd6b3fb4bf381ca8bfbd02a2ef2.jpg,33.0
8739a050ac5b46cc98ac38035d6db724.jpg,33.0
03757733102c4471b87d3193f429a187.jpg,11.0
3b419e638dd44ba6b2141946bdd37c90.jpg,46.0
a66fff0369b04641871dd3befa9698a7.jpg,22.0
45a6814d6fac4d6aa277ec7e6571b595.jpg,33.0
675308ad3e7744a290bfe61d29c6f465.jpg,19.0
e6ec4237603f4f06a379ee299819dc62.jpg,7.0
8f99265a38e54ba5a90833d2603e1a7f.jpg,7.0
15ef812d441f485cb783b439b59584f8.jpg,32.0
6b85e9f56e1e470689aff956c0f6e476.jpg,48.0
00000025.png,2.0
b56364b5e36f4e0596433275f854bd07.jpg,17.0
33dd5a939e144282bf4822581e55a2f7.jpg,14.0
5e2e13a4376c48a5a4b3144573418312.jpg,30.0
8b37af987ca344dcbe792f568e3ffc65.jpg,49.0
6470de72396846eba9c547d0ba23caf6.jpg,3.0
a1577199222a433da1e2cda47c5cd171.jpg,4.0
626d9a341c74475abae6f902f27fc35d.jpg,10.0
a35b4e8e603c485cb197520af30e1208.jpg,8.0
52b663dc91a341c39f28d8f5b3315366.jpg,41.0
bd17862b896a449da70d45c1b827da94.jpg,11.0
00000026.png,23.0
8d023590745c4f4b80e72cab06c3d0fa.jpg,26.0
8d2d305f4f1841c89df9b05f9bd476ff.jpg,44.0
b6a812f0bb7c452ba436861e5d6e2210.jpg,16.0
57080b14166242c5a6e4a66238c06202.jpg,16.0
7741abb2b48442cda5fc4ad6f6243167.jpg,43.0
5e411aaf0ad644488f9afbf8a8b02cec.jpg,46.0
6508a4d518b3467d88d2252d6fba5cce.jpg,4.0
a04453c2d92d4634a6b6b5686a0a8ffa.jpg,34.0
4e507c26642d4033854b2cd59e30cf4d.jpg,19.0
6e7db266ebff4b19939bef6d378c3ae5.jpg,27.0
762f88b56c264c71850a9c65d7c3d9f7.jpg,15.0
16bd1a58454343e7a31c2441d006f162.jpg,44.0
8e59d1fc32d447e8b44942549dd088f3.jpg,34.0
29f69db646464bc694d10f1e6774f073.jpg,7.0
81a44227da7e4c9cb6ab88476cc52e46.jpg,1.0
e5d5f277f8ee4559beac6a3ed908a0b7.jpg,18.0
e6f5fcb19e1f49948710ba2f79d874ba.jpg,40.0
18d4994775f6463980eb14c3b498676d.jpg,24.0
b0457be37ac4413c9b8aa70ab964ce54.jpg,46.0
4b7ea16706c5495fbb8d1c55a4a36a34.jpg,22.0
580e6e89333e494db94f2c251bd374ce.jpg,49.0
a59e3f91fe374e2cb516842ce8c56492.jpg,37.0
6186511c96344de0a5c54350b0aa3376.jpg,26.0
51ffa5d1b5974626bbc7dd7df75637eb.jpg,29.0
aa3bed809da94166b4f1a44a23396575.jpg,48.0
13a91db40cd64f6e981d17d147a589f7.jpg,24.0
200010463.png,23.0
921f5c0406664482b04eb4dabbbdbae1.jpg,43.0
3ec4c409b94145b190ae40e05690406b.jpg,23.0
0d1675ad7b75486ba82414a41809f942.jpg,26.0
b59ad62e84114a06bc6d1432de2629aa.jpg,20.0
2f0c95d6c17041288fd7161248f75d22.jpg,40.0
2864eece557f4cd48b77acab91fa88e8.jpg,41.0
38d13377c87c47ff831c910420132f5e.jpg,28.0
766dbe0c94404183b230c0206157d08a.jpg,11.0
0cdf621bbee34f768b89d6a519f52f1c.jpg,31.0
2bf7e500786f4894968bbc275085e843.jpg,27.0
9b9837472f66440cbf8596dc60d553a3.jpg,27.0
73d9822aff22403585ebb586c81cd966.jpg,18.0
f6de0b2a2d3342f68d6667b2ec09f93e.jpg,43.0
02ae369b22614783ad9154b7627807f5.jpg,21.0
ac5ae8a5780d48a8838e71f94e5e6ab5.jpg,30.0
17fae2726d194abf8c59800d087a7b92.jpg,20.0
1f6829c970e84690af5f9a7efd2ab863.jpg,18.0
258d893540be471490b352b9b9656333.jpg,33.0
4e7b59f0e6494308baccfc5f1db7008b.jpg,20.0
a5890b1543a8443eac6c878283deb61d.jpg,39.0
aea699e346d64c2b9922f55947df73f4.jpg,48.0
a977aab924654cdd8e66decb58821ac8.jpg,15.0
d2282af7b1984736a3f51d0ad49c715d.jpg,5.0
36281520232743caa40d3cc2f03a358d.jpg,32.0
7260b5b88cdd4e31b2c1521601d05307.jpg,49.0
b4d7746def5d47dfb32464b05c07d493.jpg,38.0
71cd620454e84beb8142fd4c7d429851.jpg,28.0
7f3789eb739247c6b638ec9b03a2b8fe.jpg,43.0
6ff27783316947bca30824b0f99e13c4.jpg,15.0
8f1b45f1b0174d8690b5230aa45ec30f.jpg,27.0
5de8ddf0deb44ec5a48ee0b43f9f5696.jpg,46.0
78ef2e4f6c6a41e9aacefdbe3837b93b.jpg,30.0
5f65314520da48cda6581db0c9de8cf1.jpg,29.0
9a83784f1f3242758ec47069d0368a1e.jpg,38.0
528d04e4c98c46068949b0f3407642dd.jpg,37.0
e9b003efac4044c0abd657be84e3a189.jpg,3.0
7d235d59cd524d5aba718774eafd4c0c.jpg,41.0
82094ad78784486da3a87dd995ae7daf.jpg,48.0
b05d5dc1b3364dc8ac42f593ad3a479f.jpg,38.0
96c5c3b518ca440f8206ebf596f0e03d.jpg,30.0
2341ef30aa36401f8abefcb4cf41556d.jpg,47.0
0ae588aca262462ba57aac0ee0245451.jpg,21.0
625cbb5130e74a15be958125b0241d17.jpg,20.0
283959edc39a4c0b8d5106253d64e20e.jpg,36.0
2f3a73f9b8aa41ff9fcdeea84981114e.jpg,24.0
2e898b988de14b0f92557392e6e405ef.jpg,16.0
1a422670e851449491db4eaf462f8c73.jpg,37.0
9f4804d2448c41d5a763dac720b35489.jpg,34.0
b23c8949f7bb4ec8a2395d4ec88924a6.jpg,27.0
992ec68a489f4c9681a4a2bc7b36cdd1.jpg,21.0
200010457.jpg,23.0
278bb84c2de2443fa69ebd8991dfdb48.jpg,14.0
9982d063fdfa44c8bbe1af194b26ad6a.jpg,25.0
3379dc133aa84383bc83334423a976ca.jpg,17.0
8d1064c90cab474196892cc36ae920f2.jpg,30.0
bc364e0b749645f886b38284b9e144ab.jpg,21.0
34956b44578845148461f4a45c574150.jpg,0.0
deda15b91edb439aaa91e9e8a91458ae.jpg,10.0
6e1ccd2524a04778bc745d2a1b6369b8.jpg,37.0
65e849b5d6394c3a8f048d358b12db39.jpg,17.0
fde9203e16f245a3b85399342180e541.jpg,9.0
55096b0777e94fa7bf593af2aed37ca1.jpg,21.0
9e8e47df059b4106a955e91c10efee97.jpg,9.0
6a0a2814122b49f48766d42db33b334b.jpg,30.0
059cbb19db1445189008e865e101402c.jpg,13.0
6e82df59b14e4a7caea9ac2d0c194699.jpg,13.0
9497d12c680c42eba9e32e32097a0b9f.jpg,16.0
395e496d99074239a5c580cc9be55825.jpg,9.0
8730288c350b4fc8810ad21f17321a6d.jpg,7.0
80fab270d5644c5ca9027ee946f54688.jpg,26.0
da5b92e2169c4720b0e1fc537d53418d.jpg,8.0
25003cc8265a45b08cdeed1ac329d1b5.jpg,12.0
2d867dd17b63436780bedcef45b7d5b0.jpg,48.0
a2cf10c22b13407491d622476f68cf22.jpg,7.0
135f6fbedcd84516bfcfba9214721ce5.jpg,32.0
c5f871dd76c24cb5b8372e27500f83a9.jpg,7.0
0b4a15732303457ca8f76a4529facda9.jpg,44.0
43f0a4fba15947b686ab5c661de77e0e.jpg,9.0
9ba2b3c0b13243dc9c909e7437849c3f.jpg,48.0
7c4fe70f04bb4d4f880d5811c9eb6659.jpg,10.0
57387a81ca5640a1917b3b80db9fcf4d.jpg,15.0
4383984496ae4d0d89d6a71a7981acf0.jpg,20.0
a04c14259d8941cb8b669d75ca40869c.jpg,30.0
8a8134f2dbce4305b5884fe536040136.jpg,21.0
be9ab5a9a008489fb6fa62bd566c4300.jpg,5.0
c999f52f73344e7d9cc3f54c476f291f.jpg,48.0
c2f40ab63f3d4e70a3178156e70d46e2.jpg,3.0
c63e39a0682a46c896a66a720a5517da.jpg,10.0
9bc905d186214fab90cba1c2a7875504.jpg,24.0
0a3e50cc0c454d1ba47191acd74dd7a4.jpg,32.0
b594ba6a31834fde860226a85d4fe2a3.jpg,37.0
ae486ca00ef043eb847caee061bb1eb1.jpg,26.0
387d030c2fc9491191c5c0bb8e632215.jpg,40.0
6acf956e971846209b3eb02407d2a3d4.jpg,13.0
00000002.png,31.0
4befb32d2bb849f9900ce5a816d50373.jpg,36.0
4144577d623d4d699e6d0cffc37da661.jpg,17.0
00000035.png,31.0
9a4c793b9b0042a99ebd540897f9f898.jpg,8.0
b407bb7bc0624e29a34551eb4349478c.jpg,6.0
0b8d94d6279e43cf9de8047dbcd5a058.jpg,45.0
37c5e269a2834785bc0bef27935cb231.jpg,16.0
1887ecb572d24a7389799c92fe4617da.jpg,3.0
cdb50847439e4785ae5d7ca00ec9e28f.jpg,20.0
123478ad2e72491b967d4a2bd8626381.jpg,44.0
fe0c4f03a98143cab929435e2ebba3c0.jpg,10.0
00000032.jpg,23.0
0b7b90cb3c8f4976abe53258e91fbccb.jpg,22.0
4528d16289e746d1952402c2a664d30a.jpg,7.0
b56e7ac949404bca9d974cda5f390104.jpg,41.0
17cb76f84cf143d7b0932a0cd8d04f76.jpg,48.0
6162487f73504499a87853f13e2b3e3e.jpg,33.0
76fe02f9ec3b476c88e34b08a9a88312.jpg,24.0
c46cbb2dbaa244029a64689ce59a9ce0.jpg,7.0
6c07bacde309479cac2a0cec4157da11.jpg,24.0
337c25a6b8624f808619cae53709e083.jpg,16.0
200010482.jpg,31.0
5e1c58119f2f4001ae15e7de969b15a6.jpg,0.0
164094c9221b4dacb1e870943b5931de.jpg,10.0
acc2b44eada74a25a64c041b2e80c453.jpg,8.0
7ba79bdde0f5484f8b74e54d9be7f1a0.jpg,14.0
ba91de25186b4a91b13a2ff563a79dc3.jpg,33.0
c0a07e6a16964923803b4bf4dd897482.jpg,33.0
9ca9588a87df4af8b434c0ce79009f43.jpg,23.0
7d119bb036a04b9ab522941bb6430c98.jpg,38.0
2d7dad13f31e40378f4bb388632fd391.jpg,4.0
4b961c6478e847a9affdce4c722de4b4.jpg,39.0
cdd3858b8f634d55b259d0a48c372255.jpg,20.0
9c3b516175b8491bb0e3c21a19dfca42.jpg,10.0
zapdos.jpg,49.0
4c46f465c4b0404ca850c4f5cf242243.jpg,15.0
8381a98cd47b4f289e8da69ee18e5356.jpg,15.0
7460ec7fb2b04cd79449e3fcf9bc7bcb.jpg,8.0
200010483.png,31.0
246356b8ac9144e2a76748d2a19d69b8.jpg,30.0
523c02dc74784b2b9e7a72fd6fd35d37.jpg,36.0
9388ef651ed34df7ae90e64f9d9d9627.jpg,9.0
45de2cdbba29433dba63c5baddc0e494.jpg,24.0
9b310ef0d17145cfbb9553ee3c3a10d9.jpg,39.0
841585c2323245d89ce7901b5fbfb644.jpg,6.0
4c65c94300854a1582cb0bed2fed40e5.jpg,28.0
c2c27e8c254e4cfd92ed7052e846bb81.jpg,16.0
43606c01f76f44199a30a986bd5abc78.jpg,42.0
da64cc6500d143649986f8b36abe71df.jpg,11.0
00fd8c607c3d45e0a87d8d01e7231e5c.jpg,27.0
9e304540f5824210a907e5f29307fc86.jpg,19.0
11d72941d89d4ac5901937746f1481cd.jpg,44.0
5327b2962b584a2e98963bd4251e95c3.jpg,38.0
6caf4630d85540eb941efea5d990d1e9.jpg,39.0
98fe9694e1e94cb1a85c05775bd7eedf.jpg,41.0
85a6b52af40f43f0b30521e78824cf09.jpg,37.0
76ed3d721d2544169d903827598b861a.jpg,38.0
200010448.jpg,2.0
4431f670642a4bacbc1a18acf4017e40.jpg,4.0
01eca38720a448d69cc409b897b399b4.jpg,31.0
00000024.jpg,23.0
470d5020c2264395b618ff0b1a78f2e1.jpg,3.0
10c310150271470daa20666a3577bd89.jpg,0.0
34f1c05fa51347c390be30ed3f8e8891.jpg,20.0
bdff85952af64f4f86ef429880d7b237.jpg,22.0
533971b02e5041dd9392b469762bdb45.jpg,1.0
021ce15341da49118d09b2e62373321b.jpg,13.0
2c31a3f3e3304ea0ad71ded1b3fc3684.jpg,47.0
7f04c570a6474180b994d2dde5014ac0.jpg,44.0
60981e7fa8934b779bfd75d1fc02109a.jpg,12.0
1c5be6f1c0544479b35abd80160a2526.jpg,24.0
41684bc8c1f64251aa2462ef27524eed.jpg,26.0
cca5461d5e934d3c928fa343ed4b59f0.jpg,7.0
5fd989ff68744e86949076c9052b5383.jpg,21.0
a48972ef77084a1e979b4493536003f7.jpg,38.0
e4884100758042c2a11a2dcf6122fde7.jpg,13.0
59cdccce10c640dbb24ab8e9483e0dc2.jpg,48.0
9b988b104f74459f97f4ab9edc54d478.jpg,21.0
01fbd45aec7a4161bc563540fe2b72e7.jpg,35.0
50255a73392b4cfcb322b150d1865e0c.jpg,28.0
6532b879215348b0ad5e84b7be8cd376.jpg,28.0
3265d695138f4e34bffdd252a6659300.jpg,38.0
200010477.png,31.0
5e4ee98b6bc346bb951dc35b2b0fab4f.jpg,11.0
a2c7d892d5d94bb4ae8d0b647fc3cb04.jpg,17.0
d34388c1dda942b5b6f1d4f3c03be38e.jpg,4.0
43fb5c812e9b416a9533f3f3545f652f.jpg,18.0
96a908e0c662408d82c1c5988ff6a739.jpg,27.0
b452a4a03f4949e98c5ef174cb2e3bad.jpg,40.0
00000023.png,31.0
6e6834872cc54d50b40f71018d243bf8.jpg,34.0
d25375defaee4253a50ef6f6c86b884d.jpg,42.0
70b97d672b594022be17017eae17bc2a.jpg,19.0
3f63fb990651429dad0b2ee21a542d4c.jpg,18.0
21c25b0dd2e5489a80606b56a01353ae.jpg,10.0
26a4bbbcc5ed41a7b42f490784a4846c.jpg,7.0
ca1663afe15944f7befec70491fcb5ba.jpg,3.0
45a210bc07ff4492b50e3a8d92e2c466.jpg,39.0
1264ff96db4e4ffea99a96edc8197648.jpg,12.0
6d19376d85b34ca7a090c967cf23b776.jpg,48.0
b8662a1b531b484e9470c70482d38afa.jpg,34.0
d399f998d82d4d389e31b7271c2bd83c.jpg,11.0
8c5d4e5d23584f4ebd6ba1d2eee42846.jpg,33.0
5e1b8dcf1fda4d3185f9ff9b0c43abc8.jpg,34.0
97995a6879f84b039202a3ee38ae2a7e.jpg,43.0
934f82b462f046a283b9757e812e0a7f.jpg,14.0
8f2d1ff59a9c4d11a054499120211ead.jpg,37.0
b19551ac66c24b7f9ef428d5ec6fecfd.jpg,22.0
332fa0401f67417fb1014eb643cc3922.jpg,22.0
3a467606cf364cea80345a37f08ddda1.jpg,44.0
7bd10ac514574449b2cb4dd964c2db57.jpg,24.0
8cc02a82b2af489192ea8e7d7f5846e1.jpg,19.0
49d5af83aad040b681f0d15a3f2a7e2f.jpg,6.0
19e7fddc0ea84a4985f588f1a18453b9.jpg,43.0
24169e42d7834438aa1fbcf8616fcb08.jpg,4.0
c8ebeb2150bf430ebfebf8b7306afcd3.jpg,27.0
c240661846c04c89a6c7f7055a10a5c9.jpg,44.0
03f8935c158941cf9c0aeb6a0a566457.jpg,26.0
494f33f63a2c4c64bd9061ca063afd84.jpg,6.0
18364a83c2c14d03ae1010ae599b1167.jpg,37.0
77950e74ed5745dba03597a26659bab5.jpg,44.0
e4ceffd98b0b4c99b69ed47ee8cce299.jpg,10.0
51840912869946479489d6817a8e7a32.jpg,30.0
9d273253bd8f40749233b8a6ba003c2e.jpg,41.0
200010479.jpg,31.0
c3883211eb7b4f45a574357feb92b809.jpg,48.0
f626a77192a54ac2b45d9e83d16c40b6.jpg,7.0
00000019.jpg,31.0
a2f57bde298e434e912dfe9d33808161.jpg,37.0
200010471.jpg,31.0
5c9332bda2164896b634cb5cb71e994f.jpg,18.0
cb072491f1884211bedf4c01f8cad973.jpg,20.0
4855a3e261f548edb963e1571a3421fe.jpg,15.0
3a08d093f00048c4a087befdf8118358.jpg,33.0
d0f01c25476246fc8018e8de3930afc8.jpg,28.0
3e9ccc9ed13b4a87b2c1f439fe74ed02.jpg,15.0
4dedac4bd7024e6091c686ce874cf783.jpg,19.0
00000014.jpg,2.0
0e4ebd90a170418992e7471730d5e388.jpg,15.0
7307c2c4c1e64b369692257e7ba7c958.jpg,46.0
e1a280517d204ac589fd5988ebd1749c.jpg,18.0
950b1c51d9ed45d0b6dea0d71c960c42.jpg,35.0
200010452.jpg,2.0
4b1ec6a8b88b4876a39ce4f6604fb299.jpg,30.0
79d3c0e536d7439893e7f37b8a9fe186.jpg,4.0
113924895bb24ea0b9b8cba6c609601d.jpg,48.0
70375f3e715f4bd48084366a9994cd6a.jpg,17.0
2ea5f42b15e0401e94769df087d21f41.jpg,44.0
4a686c637a924b078c99c1de4a45498f.jpg,15.0
491d8497f63b450fae59a90df52fd108.jpg,18.0
d03a798a76374cfa8cf25aa93112e1b7.jpg,39.0
405135b219fc43f4b753b10288629e5b.jpg,10.0
d169e8ca9af4424f8d827b3eff6c0d93.jpg,40.0
395a5891153a45ab90f18229c819b836.jpg,27.0
72a131a0eb1d429d919c076808e7490a.jpg,30.0
14e07b176d2b424689e52c9e1054a1d4.jpg,0.0
3829b5160ee94c279950c4e0f0c8e0c1.jpg,37.0
5a828083183f4c3989ddc459d0f7f6c2.jpg,3.0
198505466419443d920f1a2a85886297.jpg,7.0
383abcad8be84e7b8c6c0c3b06bb006a.jpg,6.0
e5aa0d47545f4ead92b9d6230cd6e714.jpg,9.0
474cf8c650c4420f91d3447599858b14.jpg,13.0
00000037.jpg,2.0
5144e8aaddfe48dca729a50d9daf588e.jpg,39.0
65a6441a63a647e98032a67f22731e22.jpg,17.0
d188c1f4edf0463b901cc140d9c20fbe.jpg,39.0
6e6bacd0107e4999b6a2ce07d0aa8904.jpg,45.0
533555d167ba4f588d9d18ad31b7c820.jpg,9.0
0906f59eeaad41eaaabdc0ea8e53dd33.jpg,11.0
a00abe39a44d4d658f05886f3b8421af.jpg,18.0
2ddd0604de054de7a7a65220a09203fd.jpg,18.0
351d2718b0f24c0c8d5ff230c91ee2af.jpg,36.0
a7b1006c7e5e49f295ce04588fde855e.jpg,40.0
a550627b7c3a47548118822da1e1e0f3.jpg,44.0
200010451.png,2.0
0e1fd67032a4440d9176ec6bfc3899f4.jpg,29.0
7627a032d9844c72b4bf381ece5c87c4.jpg,38.0
313059b9e1444258ae0a102b5ea22243.jpg,36.0
bf7298e8a5cd4115a059a208056d608b.jpg,7.0
00000017.png,23.0
39060cffa49a40539c4e299cb0611046.jpg,20.0
7b9156a3c8a34de39a20881edce1e53e.jpg,19.0
c7a1528c69b449a2b72b26b3844c2874.jpg,39.0
3cabe267e14b49c4aa005b60b51b649e.jpg,44.0
eddf88a402474d948184e6dea3589d29.jpg,8.0
62ad25e2bcfa41348a0d35fbbe05c7d0.jpg,26.0
75e6a3babf894ccb94a006d0bbb383a1.jpg,0.0
3db7076daf9a4990af8c8af8deb8fc5c.jpg,28.0
45de63aaf1824baab1be4bb0eb0d9926.jpg,13.0
329ba849f6eb493bba1ee7ca196e7e9e.jpg,39.0
fda5fbb661fb43ef9b9a876389e0e1fc.jpg,12.0
b5774538af134ce4a70b62c8f2f84a06.jpg,27.0
00000046.png,23.0
c4677e7b403843dc9e8b561348a2ca5f.jpg,36.0
1ca8fd1499e04bbdb4520825abc5cc1f.jpg,34.0
c004540d50704485bd5c2ea77644d635.jpg,26.0
36a8c3e046d8434bab67751830093d00.jpg,16.0
52e836cdd06449f78c76703612d4d8a3.jpg,0.0
667518e5ba0a4bfbb26d494a79b2216e.jpg,7.0
a1e0639bd24f4a63bf2e3776a12f3656.jpg,13.0
9b71dcd1bd5041329c5bdbccc0dfc7aa.jpg,7.0
b072cc3b8d7d440c8524e640fe132495.jpg,0.0
bb909bfa24554535aa9420cab30d01cc.jpg,21.0
99bda8ab4a9b4238a61a4db4b453db3c.jpg,30.0
5453b49ca69e461d9acf2e84a32f3a0b.jpg,20.0
103cea46936b43018c685f8b9f8e1e11.jpg,49.0
3f0c6f1af3484776851ee27f412c6641.jpg,46.0
cea5b7431011409a867a6906b102db3b.jpg,7.0
9cf323423e1a4862a5474ec358daada1.jpg,31.0
e776c634b3104c72afe3ca3f645f79c0.jpg,4.0
7684970dd2d345998bb4fa99f24d22ef.jpg,43.0
cf1afed1b384439bb27bfe48918589bc.jpg,16.0
a7949b27204b498e8999093cba76cf6b.jpg,19.0
11369d69bbcf494aa76e98498138d87c.jpg,49.0
51b862dc09b542f98e13240ebb7cac02.jpg,5.0
d38b59e1014d4838bea6feb71339abbd.jpg,48.0
93bb59bca3a8437d81959a0e2ed4d004.jpg,33.0
c90b2f05dc24470fa083e0ae7258b1bc.jpg,15.0
96ec94e0e05f4e73adaf2b2ff68cb427.jpg,13.0
0fda779947154d85acf7f732f6a27dea.jpg,45.0
9e779515cc4a480988c973726ee372c2.jpg,32.0
a5a3694c49f04a2e80e6d6190c98dfa0-0.jpg,44.0
1325a1bd33604eebb73e64a9f93a6f12.jpg,6.0
081fc2497bec41f3a2223ba748545161.jpg,20.0
a93ed5150b0b4bc6b3d9bb8d9bb3485b.jpg,4.0
9c178de0e2d64dba9aa914bf4b696bce.jpg,11.0
15f57b6424b24656ab0f11b89d41b7b8.jpg,7.0
fb532b324db848d9b3e86cae20ee63e6.jpg,11.0
49a9451107ea4370a1d94094891b7ca4.jpg,5.0
8cde0289ecb54df6b5fcb2d1d2035496.jpg,19.0
182f49b339d440ba9bcafaae27c2d44b.jpg,41.0
038bdc26e3544737b3d8fc4e2bb61288.jpg,49.0
2d8858384109491b9160b67982a146c1.jpg,34.0
00000050.png,31.0
682fdb73329647c99f1b2586795a14fa.jpg,32.0
d754ef6b95f24014a70e893e61f068bc.jpg,3.0
200010445.png,2.0
be62718bd55e441780261e2093815779.jpg,40.0
200010444.jpg,2.0
0f13f015711a427396d2fab5124ed134.jpg,3.0
828ca96cd27b4b52a3c592b93ed8efb7.jpg,18.0
1e7edc5c692145d1b0e157ce9a358b43.jpg,41.0
00000038.png,31.0
3bbd773590f548c9961cdf9810253e2c.jpg,4.0
00000018.jpg,31.0
b56fc4d25ab34b3eab7dade90d754793.jpg,11.0
48326dc04c6241f683d3dc6ac4f662d6.jpg,17.0
681c8bf42ff5471ab79d42d2cf6c1907.jpg,24.0
b451127866894007bbd42cf9d6133b8d.jpg,8.0
1c5ef6543b404673b9abeb142994b480.jpg,16.0
5858ad1fd64c44228411411d4c25cecf.jpg,13.0
692f888a77b64bb0923a840dd402b1c3.jpg,34.0
25193864499545a584ca323ccee720d7.jpg,39.0
2f46340d214f481cbac464821ad4d069.jpg,41.0
c244e2ad80214d1180cd4a086a2cd2f5.jpg,4.0
200010480.png,31.0
0a655d6107f94165aa5cfb72b7e16706.jpg,13.0
f5969ce1dd4f4a5abf984f4583d94b8e.jpg,43.0
625919a2b64c47b78c9cee265121fcb0.jpg,42.0
8cd94089c22a440d81802201ac3fd5e0.jpg,11.0
374f005fa3994958a1691cd34fadd469.jpg,18.0
949a05bd0ad44be993e5fd89a8f582df.jpg,8.0
3c9730eadcd343039c19bcf8746926f5.jpg,22.0
3bb1895bcc7b4049828e2a236dc664f2.jpg,41.0
b9ca84affb1347088b8bede76257a2d3.jpg,3.0
070cc8bc49e140e4b3672141e07cf916.jpg,14.0
8f52f54040024ef38222d45e0cb7c6c3.jpg,34.0
cf6240a7c3e54a6b88a139e950879014.jpg,6.0
55a20ec268e04136b48cd3051f532d3d.jpg,13.0
5452bec3941d47f5a835c54ae15ac042.jpg,8.0
4d0ff4464c9943a2ad6b80e90466ad29.jpg,0.0
e4b1b4e01a0844feb0e5c95cc11ac82c.jpg,22.0
8dc10aff18f74e9388d64e0b7050f089.jpg,37.0
1bd19f5791f749ca82017f4873f3b8b3.jpg,0.0
d8004ff10a004ec694e62c911c14fe36.jpg,10.0
92f17e4537634e48a7f9f09fadb0b379.jpg,15.0
55f8ded725a04689a4225e9603f479a3.jpg,3.0
9f9776b55c1c4cfba5c04e1caf3643bd.jpg,16.0
9dd01f46d17e45abb86a5dd47eb916eb.jpg,44.0
ae6a41ca2a6940128b307ce7cb198893.jpg,15.0
1448ee0ace93474bb8312fdc526e7db7.jpg,6.0
44e84b06cb2e426ba4dcf850dd17e96a.jpg,34.0
f83306727778498fb5ba58316aff63ed.jpg,1.0
944a559a332740268bf58ae18b23a50e.jpg,41.0
ae4c7649884948f3a2ec1752fc7a63b5.jpg,30.0
0e2fe299821445639dc97b6fdef415be.jpg,2.0
5a0fa55976ff4b92a22f0e4b8adb4f98.jpg,20.0
24ecbebfff3d42d09c335c882f9b85bb.jpg,34.0
37603d205cb942e48309a1ebb7c07176.jpg,38.0
8682e411ace947308d67c33fa1ab2783.jpg,11.0
48a9f6ed6e69406da32536b62c24e846.jpg,18.0
26f12be0d199413396170c16174f1a5d.jpg,3.0
9429cfcde2cc4aad8fe85327fa4d7d69.jpg,48.0
0f95bb7ac9cb4a789515930d1b185c15.jpg,31.0
9096ce48c5224eff8e0a4463f9661f7f.jpg,32.0
8c00c590ee86440ab1da1bb88a738073.jpg,40.0
3fcbfdf9bc1a4939a6a1e925e2313960.jpg,30.0
a5b8866543404f999d40f1d7d6aa56d6.jpg,11.0
64903286eff44a53a024c7da7153ae09.jpg,13.0
dfd13fdfc60d49309f3210849edacd09.jpg,8.0
656740dd593740e2b7f320c1a710c28a.jpg,28.0
4ddaefbc8a824c2bbf862c1291753ad1.jpg,27.0
c960b73682ab40309ad7229662b138e4.jpg,6.0
880571cc69f44b788ccfbc029a155207.jpg,26.0
5bf12d6dc95a4fb996c734dad2737e4c.jpg,29.0
0557e80fef4c4eb4a3461b2ac7de9bf5.jpg,14.0
1f0b86155a044145ad1bd54de99a3de2.jpg,32.0
5cda8ff43daa49fcaf23b3e17c6e0fe0.jpg,40.0
87fad2cfcd614836bb97958a3b5b1793.jpg,39.0
169ef45916ee4912badd9033256a0f02.jpg,32.0
e12a74a982924f1faa19b515f4801a00.jpg,10.0
e319da77d38f49209395f2e2d566696e.jpg,22.0
16f6dfc9157442c3a7d51e7ab366f271.jpg,44.0
5319c1ea383247babe735aa4a4f177c0.jpg,0.0
0bb46a41f1a74e398ed2667b3382f6ce.jpg,4.0
9054406c7408463db39fd2bb7330993b.jpg,33.0
3a125d928f5e4d2b9426d10a3d8f18b9.jpg,3.0
6c57bba3252846e0a604aa585eaad7b9.jpg,46.0
131f3e3d7bb14e12bfedb59ed552f912.jpg,11.0
6354c9688d1b4999908c78bfe6757a6e.jpg,39.0
46d8c58469424855b66d13890442bd69.jpg,41.0
5f102465616342c998d3d7bf7b0833ff.jpg,16.0
3e8de6cc28fd4dc58a721f6116e84628.jpg,32.0
b1d3a57e5b934cf59ce0c52a38dc8c71.jpg,17.0
0cd3fb736ac0405bb7c1dd4f1b7eb3da.jpeg,14.0
37210e4dfaa24424b19e105f4817d921.jpg,3.0
961ccbdbc41449249af6c168d5c4a945.jpg,14.0
d22730e9a1b64eeaaf5974f91bf086f7.jpg,28.0
0c0c1ec4e42d4a2a907be4e9cd3ff35b.jpg,0.0
65d3242e98044f1cb214f83d8de155a6.jpg,26.0
e05f572d39b942a982bd1afaf954f573.jpg,6.0
6b539f556b3d45f3af54f172e48bfa7d.jpg,38.0
4842bf59063e46c5aeefb23b0511c295.jpg,38.0
82cd0873d6074160ae4d36fbcd93e61e.jpg,32.0
76ab696435474119bddda764645107db.jpg,5.0
ae8d4a20b93340fc86b79894737c3d92.jpg,26.0
262957ab0b654839a3b8a06f793c662f.jpg,43.0
4f2fb003526e4876a1f4171a4afa8989.jpg,20.0
cc6e21ad8d5c4a98ad86a1393e313496.jpg,49.0
b74b1f955e3d421a82310933f39b4df8.jpg,28.0
9654d2979f184a29ab4f988334ce90f8.jpg,27.0
28b8902333724f6d89abc745ae97a72a.jpg,6.0
255e25d585a649eca112c3bed3c11bb4.jpg,25.0
29cf2256d5324835a3f81687fd257f12.jpg,19.0
93f5fbf9a582479990c719e4f700f18a.jpg,3.0
7f9f54fd4e5444d0847f7198f7fc67de.jpg,17.0
847e77bf12e84a0fad43f4fd70005888.jpg,33.0
8cfedafc7162431282eceac38334fa12.jpg,14.0
9b298549c9094ccbafc20809b73fd983.jpg,22.0
13e1f8d7e7f84d8da1d2cb2f5b33f19c.jpg,40.0
740f5d50303946e49f98e01426f98f42.jpg,9.0
3a3c1cb312d245a7b1a0c156cf54b148.jpg,37.0
3acb6c1da47b4e11ae8025bb938072b1.jpg,43.0
4535c40586fe4e4d8c9787ed550f2d48.jpg,10.0
f5a52cd93f924e28a46d7def3265d6b4.jpg,49.0
32fcea754bf9475db307fe6743601ea6.jpg,25.0
1220e6bac04a43b3bb2241805989528f.jpg,34.0
c60c22acd5214f9280eed346f4a154f5.jpg,26.0
94380d6583d74c5dae4c5fc355c6a36f.jpg,37.0
40b059c1b011442a9a27d8231c372439.jpg,24.0
36efb474d9e048b29684d6218c8fa33c.jpg,30.0
7f0ece42c7794e88b7435c888919d03c.jpg,32.0
c2bfacc6e8154e6b853d8291df8d189e.jpg,14.0
fa49245b05204bfa8f8ce49aee5127ad.jpg,5.0
54af7182e7b44dfdb89a7ff2ae03c18b.jpg,20.0
76dbca0b492941bbbfefb180b0bab1f9.jpg,14.0
200010481.png,31.0
eed55d57e407462fbcc232ae4fa9cbd6.jpg,15.0
92dfb6eda9e943cea0d337ef7100af7c.jpg,48.0
6eef290d92e84139bf68a31a34b62533.jpg,6.0
d7beb9a6a43b456aa548dd119c60c364.jpg,8.0
46838910d1794d66ab8a8e52fb0bc443.jpg,18.0
68ff97e646e84f4e8f9da357ff9d1307.jpg,44.0
1d11248aa89e4d9eb9cc724607362f95.jpg,22.0
e66148bea53446b4aa0a2fade763c39e.jpg,3.0
888878605746493f9d82fec963d08bca.jpg,6.0
00000041.png,23.0
a10d5c9537c34dbfab7cc512652e68e2.jpg,48.0
d6c8aaff47b24b58b60f0e39c504c3f4.jpg,42.0
01a200f266904bca82e3be0227f3523d.jpg,14.0
269db5a9be154d0f94ba942b6846e2d7.jpg,24.0
59de70706e6d4609aad9a4fe474ad9aa.jpg,22.0
ef6b97f893ed45168a3eb7ec6da5ea02.jpg,9.0
5e7aba59974f4fd08c76052162c52b16.jpg,8.0
baf1ff6940a54fde9c1e890c16c58740.jpg,41.0
200010470.jpg,31.0
45275bdf817342dcb8266e58df968eb7.jpg,15.0
16fed6ea58404af397c935b7091884cc.jpg,34.0
e736b582dd1a48ae94e5c15acfdc54c2.jpg,1.0
80db611205484d1b8094128ec0ce196c.jpg,10.0
5206a0d3609b440c9ec5089e2a7833c2.jpg,36.0
34a23af5fa7b46f1a37bf6a88c4e8a63.jpg,4.0
1c60e6f03c4448209a8288878a4e1d67.jpg,0.0
7e41f42f7c2a4ec0b9104ec607fd82cd.jpg,47.0
59833b253b4942f79bf796321ddb8e2a.jpg,13.0
04f43f6530394242bea182f610b7b7d6.jpg,8.0
44563c9ab1ac4c5b91fece469af56704.jpg,27.0
52f9bfd17d2d4f7ba70e1a7435affbb2.jpg,7.0
aa48554103e746d5a8d40db24420fdcb.jpg,41.0
8570dc0a07da410e935351eb6b9886a4.jpg,21.0
1f1a4ce23898453d831c9096716498b7.jpg,16.0
dc4a1c93f6fa4c9885420fe862096c2e.jpg,22.0
29ff27b89d4a4b13ae84d2db9892b09d.jpg,43.0
4ff6a34f2ef84e82869215e7aedfb895.jpg,18.0
cfc48b4f7a314d39ab416f1c38efa8a7.jpg,9.0
3a3a21336c374fb38015b19c4de83660.jpg,17.0
a599bcd0351f40c78c74c63725f6a7a4.jpg,44.0
c9b440e92d7d43039b14773724a57723.jpg,11.0
155cff0b42984a04a7576b5c78f03184.jpg,11.0
2c80c65163a941f3a6c10c29614d4e88.jpg,47.0
8f78a4da511d42f6ab160090e809fcae.jpg,29.0
7b7b1c9164064c8981b2f31f2feb873e.jpg,31.0
054b20443d364e3981e085dae5bb6003.jpg,20.0
ca3316bf0e444c2db768f533352719dd.jpg,22.0
89fe576e566f4c7e91004768deb72492.jpg,25.0
50818f932fde4e919977abef99e0660b.jpg,41.0
efca9ac45bae4bb9954cacd4e0ef815a.jpg,8.0
44b9c420f43e454ab063663664cf38d5.jpg,13.0
af57f2526aa74430aa9f095d913fc09c.jpg,1.0
049d2722cbc44c82b1e63a7a0f247280.jpg,26.0
4169839133614ae68ef3e4cefbba3e0a.jpg,14.0
146058a2b7d942a49ec8470985a7f7d1.jpg,17.0
72ff88f759cd42f6a22981b5e5790a02.jpg,36.0
03b0bedee9084435abc1f491748cf35e.jpg,37.0
7eb260c97f26488daa0ad4de1429436c.jpg,24.0
59a7645819244d948371518b207f25b8.jpg,37.0
809fc76bc537470283023836f3a623c9.jpg,4.0
d383a647428b4acca6618bf23540848f.jpg,0.0
bacee21dad164ef98b4ac27c0affd6f2.jpg,33.0
eb979ab406db4a6aa3b4607d16a27e87.jpg,12.0
c7c5bb8237004007a25dd397bfa4863e.jpg,48.0
9aafe0cb3f7c41d4a58d81e77f41209b.jpg,32.0
9778397e21924680ab55b9090dc39b9a.jpg,18.0
3391bf4ac5d24597b2b5379bd79d8644.jpg,12.0
60018e33617544b19cf0f481b6a8d78f.jpg,48.0
6be8f3180e33406bae14db497d65f5d0.jpg,34.0
bf07f75c99234eecaf99073220bb59d5.jpg,41.0
0e1707ef3db944979c993282436d792c.jpg,28.0
7cd0d7f8310b4f93a34f77d904485af1.jpg,7.0
7fe57aa92f6249a1bb29b0d739ae1524.jpg,15.0
0aaf393c1c214369a0f5a8984b34afdb.jpg,2.0
8612565122ca4bc395879599ecc1a1cf.jpg,10.0
032fea5a87cf480181352d2319a34966.jpg,36.0
2bc73503a8d340d1b164d69b6a4b1864.jpg,46.0
716226c763424969a682b63fffda3989.jpg,43.0
c368311d01f040488871d09ff602c4b2.jpg,25.0
08fca4e72c03422996a025b7bb243705.jpg,41.0
00000013.jpeg,23.0
eff78cb88a21448d9ce8553b5b06ae41.jpg,10.0
79ca627c9c82487399eb139344b9fad6.jpg,18.0
fc3814bc3a2645d48ef2f589189e73db.jpg,43.0
9c3e09241cf34980a6b54278edd5444d.jpg,10.0
adbcf2e6e4274ad49ef4b7ed9e78c829.jpg,4.0
d538056f0935470da42abeaa3c25ff79.jpg,49.0
1d4ec4d20422460caa49d4de771c2af5.jpg,17.0
567211c1e16b4d9fb11bd7786e429227.jpg,27.0
0f14527de6c24852a11f480cb6843e18.jpg,36.0
ac89f5f942164f0fb2e572db15ee05cd.jpg,28.0
c8ae47f319ad4b42a72d129dfc42d5b7.jpg,8.0
0965b2be7b9c436a870dcbb797d57818.jpg,22.0
9d60f26860f54e1cacd72cc925327346.jpg,27.0
fffcea1c4b7e40b6a52d5644bf3ee7cc.jpg,14.0
35e3b43db10843c28084d2e9f7f64e11.jpg,48.0
2348108df6594c8c92bc4ade315ce3a7.jpg,48.0
7a6b2059eab84bb887a5acd1cce09748.jpg,19.0
332439c1334c4b75bf6ffcd6d3ff15c2.jpg,49.0
be8f401d64054072a2cce2a0142482e1.jpg,22.0
6dcc7405b3a84d6aba643fe9d99c5dc7.jpg,43.0
200010441.jpg,2.0
00011de7222942a3a8eb1b58e94e927c.jpg,40.0
85e4c4c40f3549bbb11726dcd75cece6.jpg,41.0
88c6fb3661e44a2797b0bc8ac56e2ac0.jpg,25.0
22c4971825904425b37a2bf860e29241.jpg,48.0
8b2c4bd2ac2d4278b30729d5537daf31.jpg,15.0
a85883c7961f496fa3dc911857023d99.jpg,40.0
939e0f97eed24a37877cc23da0a32a8a.jpg,20.0
4e8266c11abb4b80b42736242c3c64d1.jpg,36.0
c57ce2a9c7e84a03ba39b6a11d94119e.jpg,39.0
da739d741880402b95aac717a5cf49d4.jpg,39.0
9a44ed6c64a24154b8988a0e2083fc3c.jpg,22.0
00000046.jpg,31.0
1b6253d9e9534061a95f1615b013f8dd.jpg,17.0
6dd21b89901e444292d07978da458f89.jpg,43.0
1b6c1ebf287c40b19cebbd36eadc6c3d.jpg,13.0
e9945cb9ad004cec934f2e9cf73726dc.jpg,4.0
5df933dd873f4914978a70186360fb34.jpg,19.0
42a822fd517b4053aa87c7d46ec98b82.jpg,26.0
476a1dd7157a468cb39f0d909d7738ce.jpg,22.0
b0bb8be9dbac423b8027f82c90457e99.jpg,6.0
7c2d6eea303147f38ba637da846cf698.jpg,6.0
7f5fbcfdcec6441f82a709bc32e70bf4.jpg,11.0
29d34933afef4699b3a0b4c76a129c10.jpg,14.0
18a662e7006a465ab616c75789cc6bbe.jpg,9.0
258d05b1213f495dabfed24e26fb3182.jpg,33.0
631e5deb288f443abae5cebd81577789.jpg,9.0
c79381e1340747d1b7f42c48719a6bf6.jpg,44.0
6dfd96db155a4819a4a60cd6ecb731f2.jpg,17.0
27c5bc8fdc8a4823953714b0846bb667.jpg,41.0
30ae24eea9444491b670241fb829a51e.jpg,42.0
785d99a028bf48089bde125938879fa4.jpg,49.0
801eaae33fe14fb4af38e21901ac848c.jpg,17.0
3c87d4a79a3141f5b3d349d9fb1f68a5.jpg,18.0
3ef7630476444ddfb662616d674e782b.jpg,39.0
7b7a064d3a1b4c53a9be936d4e4e3bab.jpg,8.0
44adf647b5cd400386eb656635520568.jpg,15.0
63142f10b69349d39c9652944187b34e.jpg,15.0
849f6ac49ce04e10a7fe114722f051cf.jpg,37.0
85e534aa326c4489b97dffb5d77e034a.jpg,25.0
2495d1be4dea4dbea32244ac459845a8.jpg,4.0
af052046c8654ae7b050c0708440c693.jpg,48.0
2cf23ae7dd6b4714b699e23baa03faab.jpg,22.0
b7a6b9e9a03343a48c6a2e1330de1b2e.jpg,9.0
fe1e0374c16e4abd91376b9a88b2e42e.jpg,16.0
da30e780e210450b9fc62b62ca37b663.jpg,7.0
6aae1272d0a9464a967749a0eb8ef008.jpg,2.0
22f2b290e241409782f8c8e94cb65358.jpg,40.0
b6e72ba7f34e49d6bd45afec826d65ff.jpg,9.0
39b1781513c9499e9deced3022dd2974.jpg,2.0
21054f2aa130479e8f384e1f874c25c5.jpg,24.0
200010442.png,2.0
ad8d12203d3d4a8bbbb225764178fd84.jpg,4.0
be9b5d97e6a045c8980b674141b0cc12.jpg,1.0
87baf599ba4b4d6d98137c75fae0829c.jpg,6.0
ed77f4000e034b5ea4b6dbe39160ef27.jpg,8.0
6193dea26a144d6daf73d51ff806b9b6.jpg,34.0
1f3108e4238e43a3b0507719ef276fad.jpg,44.0
f60837617f9d430c896398af3bbe061b.jpg,6.0
95501b273c04403392ecbfa8da5dce6f.jpg,40.0
faa383c28b124596a885930ad063d716.jpg,12.0
8754c576fe484737a53070a30e3f7cac.jpg,39.0
00000039.jpg,2.0
28f0ff55d49145f58ee66881d6347dcb.jpg,11.0
00000003.png,2.0
0745d4e629d94af1b75b76740e2c20c0.jpg,16.0
686cdc4b461a4de58fe9e435d387344c.jpg,30.0
5a7f349afc8640ef91c5058fb7033ce9.jpg,36.0
2431354d4637452bb01d538fde4cbfcf.jpg,48.0
38c488f7e922413481fba5de25d501ba.jpg,10.0
07ade34d6c094800a010f980270a2859.jpg,23.0
5bbea1401b034618a39266465337d925.jpg,48.0
78d040ad69034cf89901358973db5775.jpg,22.0
ebdf45114efa46b9a7c1fb8531efa8f1.jpg,49.0
acef0b0193624d8f9bd85b2d629709c6.jpg,25.0
84284ff0f67d4817be4afa006d0e04e4.jpg,20.0
1eacbc783fe040fcbe1aa2a24e8fed11.jpg,40.0
0d2e257c4094433980fa10252235b3e4.jpg,32.0
707c80fee6d54437ba646de28f049701.jpg,44.0
a7dedd7bf91245bd81a038d530133fb3.jpg,40.0
85d693877fa3409d825627013dd53f91.jpg,36.0
f663a8c63e394c719a8c8c8d5ee90ac7.jpg,12.0
5fd55d41331b42e1a3a0b21d983e0efe.jpg,14.0
200010469.jpg,31.0
bf3965e9cb8c48cc89cf35c9a31930a6.jpg,43.0
1f9149ac081844fd9b3e46e8a5253b82.jpg,17.0
43f8c5af7af047c68b8ca1d21972a835.jpg,19.0
4953f3f657c34bf385c96aa65c356809.jpg,16.0
c67c05671ecd41f59d2292ed1c5d97dc.jpg,6.0
bef707e5e5d14e3cbb20ad7307335238.jpg,33.0
9f688ae27e704726a93e6fbc0e06e323.jpg,32.0
ae6e85e77c5f49f7aecacd2d7ff6ef19.jpg,10.0
678a2db3d748451098820904fd225ca0.jpg,38.0
160a73c43e164f9c8c1e38673aaf66b6.jpg,25.0
5a556cf840c744d9923974b7c41dd842.jpg,2.0
70b06bc586454b129b1e7cd6479902cd.jpg,42.0
4fbaf703e312498087e89acea614ae24.jpg,27.0
3e4d21a6c07c4bc8beaf7e24a167bd80.jpg,33.0
2252e64638824bc4b358cfec4c1756a2.jpg,6.0
6e8736f576884676bbb7569d32a2e4c8.jpg,24.0
902d355df34d4a9697405955c9faea1f.jpg,26.0
942d47ebb87c4d27a88a608d5de04c79.jpg,37.0
281c859ed40f4c8da83dff39c2a5c72f.jpg,4.0
72ce13a8f3ab43c883a1739d28a14d97.jpg,45.0
63408d7ed727471cadc0c71502af674c.jpg,18.0
dc584b33fe884c89afbe4a7f460e3d8e.jpg,11.0
2eec268e5ea943c48a208a8ece95ed12.jpg,27.0
0e3d7ec3bdc74077a16de3771c9dd85d.jpg,34.0
534451c678b64e6e823426952c6b6656.jpg,21.0
a581d66b4c4c4a61a2e84cb318718187.jpg,33.0
1304bb6c3243445b8c6d3d845e31df76.jpg,39.0
43d19509d5154c2faea0cd54fd507923.jpg,9.0
00000030.jpg,31.0
bb9175339d9f443997a1060bbb9158e7.jpg,0.0
f570789889b648dd836d3e04fde37238.jpg,43.0
78285779584a44f4a09fd935e09f4697.jpg,39.0
abbd8d73ee2845129fcc1559710382e7.jpg,36.0
962d09042f4448d29bebc56d1307b09d.jpg,43.0
c79a847efb364b9eb1606bedaededb63.jpg,25.0
a01200d516e24373949510fd3dfde129.jpg,28.0
8d3ee9a256ea429da63bda815bca6c70.jpg,17.0
a39af50c51834baca4f620ff5b0d048c.jpg,25.0
49586fc24ba14cff9429d3e6eb3649a6.jpg,25.0
6675dc48474b4ad787b266afe2515153.jpg,38.0
785ef830460b4b89a7009379601bb117.jpg,48.0
bfcfe4b3763a4b88a50be7f9ba304d7d.jpg,20.0
38758612d43c47d3b3620363a34dd737.jpg,37.0
c282ce0435b34e249716edce676117f8.jpg,22.0
eacf764dc0584a8d944ea7efeba5d79d.jpg,49.0
1f2ea5e157874305981533da46b131dd.jpg,34.0
9625cff26e3c470e8eec80b269c52f72.jpg,26.0
351f5ccba1f34e09a0408bf7e646c952.jpg,16.0
2c09312c967347778b0801f3ad95adb2.jpg,36.0
200010478.png,31.0
66d4ac8afc21482fb056cc5f4db64d7b.jpg,3.0
469ad0e3e1994a109ff1b2c968dd535c.jpg,36.0
49874a3c8de540d9abf96d312eb6eb07.jpg,11.0
9f5f9e3233d548b6bb1210ab66528ced.jpg,16.0
604575b73a13411abce5c9d90a667b34.jpg,40.0
3fccc4be3e284150a61aeb6ce8b1b308.jpg,21.0
26b19f8809ce496eae2e1b822d54492c.jpg,49.0
51b75c05f63c499491c8f1bdda54558e.jpg,13.0
200010475.jpg,31.0
1922cd0fb4bb488bbe65bdf9eea8c55e.jpg,48.0
466aad383c6144a0aeb475f810b6a093.jpg,13.0
6817a9c1ce3642fb9e6dfe2a4fbdc7a2.jpg,28.0
56bf5708220d4c858faa563161e42199.jpg,15.0
1da2d32c8396415a96ac21af6732f056.jpg,34.0
c15ec114328c415bad02257c5fa5e5ef.jpg,21.0
7b408a32e7c74641aaff541d88e27290.jpg,28.0
9c3cf9a1f8ae4c39a50497a48e6a9ea9.jpg,28.0
271aff99df8e4838826731d82a06520c.jpg,48.0
2185f3699dda4952bd5d58fcc6bb9cb4.jpg,32.0
e5100f91d1b84be2b248ae36e1ca0dea.jpg,28.0
6e82df49a6e8403eb015ead2c1aad6da.jpg,21.0
9385057154ff494fbfa7657612bb3a37.jpg,26.0
38bcc91956a74d3797f4f38e801e4901.jpg,5.0
8156b5aa07de4fe6ad2e2cd3e594bf02.jpg,25.0
73af5f33db12415e8403e2c87c760a1a.jpg,36.0
c407cbb563f849fb994c4d664f3e4f3e.jpg,25.0
492806e629944ea2b2babd26ad003e98.jpg,42.0
7fb36ffead6745a3b6b6d8f1aaf7a0cc.jpg,31.0
28c7fe106df244df8f8c1bdb618e28fc.jpg,21.0
7fea854760e74fe691de859aae591bd1.jpg,41.0
640d0926f2f3475a9dda42f0a37524a2.jpg,24.0
0694f6a02700448b907f808eb3f3df6e.jpg,33.0
481aa0d3d9274bdeaa243c8428e12a3a.jpg,41.0
34a1069085764c9099eec0a0f6d7a4c2.jpg,16.0
cb31e6d1083849c699f4a8257a34a797.jpg,39.0
73815542720a4eae8f3b77e0960cf210-0.jpg,37.0
c625732c8cff4c7fbbfa8e9b539f6775.jpg,7.0
04cc4505179e46b1b5cd8ea8bb0c1c3d.jpg,48.0
72dbd1960e8a49b5ab6d75837807ad76.jpg,22.0
3479cca99cde475fa9fe4e2a0c57836d.jpg,15.0
281938eb6ec34b7d863dbe477a299249.jpg,25.0
7bd113b2431d40a2b349a58b19ff0b1c.jpg,27.0
bcd923d3654f4ed0b7680f235141adc7.jpg,26.0
b4774369723c47dc94ad7a302802514d.jpg,25.0
f37200040c544cdda30acedf8a7454d5.jpg,11.0
1ad5f042bf3b4b049deae08dc28e4a01.jpg,15.0
c7de3b7904a348088a8d3b7f99f7b002.jpg,6.0
00000027.jpg,31.0
177b9cfbe78b4faab0a3702aa167c159.jpg,19.0
0606cd2e66b5494f850f1b23205681f1.jpg,20.0
abe8b55504a548c0b6cd0b7596bf93f7.jpg,38.0
d9e82c7cf2b645ce9c2c8ad4956306f7.jpg,47.0
6d776b7e8fb34b34bef0d3175d023490.jpg,2.0
f4babc5c5a9d4629b4258efe145563ff.jpg,1.0
982f649562784a4a81bb27d1d8c67387.jpg,17.0
6596edfaf42c4dcd9da9afa4daf3f319.jpeg,33.0
3aa313a9824f4417b7adb646718f7d95.jpg,45.0
71f528bf7dba40f48ff36a232a7b2767.jpg,22.0
5f33b62526d5479c99a4dc5c2762ad6f.jpg,14.0
bbd22afc407146528aa47d7f32d8f92c.jpg,24.0
623da22c5b064b1e9a78c8f18160f156.jpg,24.0
bf729000a3f64be39e0049166f4e01a9.jpg,40.0
73638ffac1d14fe398ba148dbe98ff01.jpg,10.0
456112d8f7b04eb69df80833167d5a6b.jpg,30.0
b4815775e4894ce0b152315e63fe9009.jpg,27.0
63ce3bc6d2144ca180bc8cb816346589.jpg,21.0
2f34516d535c4c2592c7b61407293d6c.jpg,20.0
4ab07f17f0294588a54fd64bb01a9357.jpg,17.0
43386ffd4b0b4301863af51f8cc5c205.jpg,0.0
b9c4be58de3343b0a51534170d5df2fe.jpg,14.0
3c657b63812342a3b84e37258a7c8f1a.jpg,41.0
87567d744ad84518bfecb8b3c888993f.jpg,14.0
b9840f1b4b0247f1a97d523229503394.jpg,39.0
58b7ff3bba284a76b8b2d98750c43f25.jpg,42.0
0b22a1c9284f445daaed10fe7e191b53.jpg,40.0
f98c26a6c8bb45f6a3fad13910b42574.jpg,8.0
46f34105208f4bf791a7dc0112a42cbb.jpg,49.0
97f0946f7cdf4913bcff7002912863a2.jpg,41.0
66ab0a404af148db95fdfe932f74cc6a.jpg,43.0
06e8e727f6244dc0b073271efbac372a.jpg,23.0
5946cfe747254fb2950ae5ff3bb2d6eb.jpg,41.0
c9da3ebf026e48f59bd1a1d6be245f75.jpg,4.0
497225cce47b4b72ac00e07f671f0a7d.jpg,11.0
6049c11ee3124baea48e869f864e94e5.jpg,19.0
cff767ad0a76404fb14744529cc554c0.jpg,25.0
c9f1021220c7404d825a423ef32df1f7.jpg,19.0
6a43343c68924c82b2c40f65462d1ea4.jpg,36.0
2352578f23554ad4ba27f05b4bdff338.jpg,32.0
914fab74d32e49a98940d5ba7f674fa6.jpg,8.0
81b99d88582341388e808f18993e24bf.jpg,49.0
ad74aa320101478d8bc580a48ffa9476.jpg,19.0
745e4ff3678744bc9e22f4f56b8b9055.jpg,4.0
71fb2b037c8546fe90878172e357ace5.jpg,35.0
200010472.png,31.0
cbc70975639047e99edfb924fcf71561.jpg,34.0
28212d647a2c4ac2aa213e82b2670544.jpg,15.0
a62d50f408fa425bb66a2566934e24cc.jpg,18.0
a2a3351b1f034f36aed0c1f81ae8ef46.jpg,44.0
166443a25ba240e28c0c067784c080d4.jpg,41.0
808d0175c69846e799580358baf2fe92.jpg,49.0
ae406f2a2bd24379a911285fde68d574.jpg,24.0
04dab845ae614d7dac6de42584555918.jpg,15.0
00000054.jpg,31.0
200010460.jpg,23.0
79bf73b711514491b65948882bf0fdab.jpg,38.0
200010464.jpg,23.0
56be1c86927948cf83207c5c4cac1850.jpg,21.0
b3f499b04e2647aeb2a15adb4efede17.jpg,38.0
0c75022e426b4bfdb3614f45d18d4028.jpg,4.0
00000037.jpeg,23.0
672219c9fb3d42cab8558d5c3e140ddf.jpg,49.0
75db1dee528f4944bf016f9b6d6aaab7.jpg,28.0
06b11cdb5fdf41aa8f85052c968f05ca.jpg,17.0
a3dea4155d2e4046ac05c7cd6bab1154.jpg,34.0
a84e0fbda08842d28f39f574432b486f.jpg,26.0
200010473.png,31.0
6937cc679be24ec9956eb265ecb0825a.jpg,12.0
8bf1a60deffb4ef9877ff28cea00b97a.jpg,48.0
07dd012d321d4bf6a32e1dda9a49dfc9.jpg,45.0
0239e8eba527435f96a0a7f709b7cd5f.jpg,13.0
654b4e06ba0f4a1e9398cdabf53feb44.jpg,40.0
baacf084a092483096586e82465c2b8f.jpg,9.0
a74e9669128c45c491c0bf95c732c75c.jpg,19.0
c88f5f7256a740d8b33cbbff9f631448.jpg,10.0
00000048.jpg,31.0
561cbd7aa3c34b9994fde5ae95e4c682.jpg,40.0
5d34d1b03d634b899a8ce37164fcdaeb.jpg,23.0
238a53a1ee90499da20f886e37e93c57.jpg,19.0
0ee265b9ba7f405c96dd76ec39919d38.jpg,16.0
83c612dd5c9344b4b8f8d9eaad4b445c.jpg,16.0
c16b8bb7be754fcfb5f018b9fea76a46.jpg,37.0
812f4371d29d461d8478d8930b0777b4.jpg,47.0
869dcaa4930941fc808ccf24e83aa12f.jpg,38.0
05da808f2caa4bf0a38449d4b172967a.jpg,31.0
8c5cb198c5624202ad44622cbba20201.jpg,46.0
5dc96de59bee4deab12ee214567af220.jpg,18.0
0c447416346d46a2a81282a69fd84885.jpg,25.0
200010450.jpg,2.0
390d7a1b984c4c7b97065587a24a4292.jpg,10.0
6849caa866cd4c7bae25b3533cb0f5ab.jpg,44.0
178a64eccbbb4458abfb971b73c691db.jpg,11.0
33b8575f84024edbae4ba311424dc0c8.jpg,14.0
7d6960d4e8c642e8be78ec622ecc55de.jpg,21.0
a2e38a52f7fe4dc0b9864729b00cb8d6.jpg,11.0
31a7c9b763bd494b9fa30fec5748dc03.jpg,16.0
5743e3027895489c8df2edf3fb276972.jpg,38.0
2c37d8beba8848638c7a3fc48b6f2201.jpg,18.0
71ad5b8c685d40cd83ebdbf756d1fd93.jpg,19.0
e7deced6c37f44bab39a25834a2597cb.jpg,39.0
f9bdaa36c7884be9aaaa880656ef4f2a.jpg,13.0
69e44d8fbe40442788d5d4cb70237591.jpg,45.0
200010474.png,31.0
85559f41836144b3ad1b0a1c6eb8a470.jpg,21.0
ca0273d6d4264fa5acc99eeff0bad76b.jpg,39.0
58f4c40e3ab24ab6972a65d25e46d859.jpg,22.0
9ca3d119fe354edcbec80299718c2654.jpg,1.0
200010449.png,2.0
c7262d41a0fc4f3a93e733099a8c584a.jpg,15.0
58e418e30c5d443e97ffaac20e4867c1.jpg,20.0
db2f5d7108c547ce85080f7c5cdcc999.jpg,49.0
41543b1b88854342afd0a5988e1a8232.jpg,38.0
249047d9c40846c4ae0a287c66300459.jpg,47.0
3ccb81e46f2d40639c839fab244996be.jpg,46.0
7459efe5fe774bb5b51124135be46f51.jpg,41.0
1e515477f3744ee5950efc7a773e6146.jpg,40.0
82ff648128af402baa7fe2612617530b.jpg,17.0
039572695a674ff4bb1fcd4084fb647c.jpg,21.0
d726580d84bf454eb34ef8cd20dc923b.jpg,3.0
6bedb08e90bd4faf9f15b114a690d338.jpg,18.0
b18c544b82d541749166223c4187c59a.jpg,28.0
7598a8d6d0bc4ba88c21a3e48d77e69d.jpg,3.0
9a752fd81b86418e8251d87274f6b786.jpg,46.0
e27ea76894f94ca4b63a6e31a50dd4ef.jpg,49.0
731d81ba51b34e8a99cfeb7e6e3312d0.jpg,41.0
b27dac1644cb45fc9e6193d0a43f2e5f.jpg,36.0
a98915fe76294dafb09094527865c077.jpg,17.0
7fda6fc46c7a40028e1b10b75e3ceefb.jpg,3.0
782ee73743ca4883911e604266af5c25.jpg,1.0
46c2ff8b65ce495d901f1d559ac43179.jpg,32.0
1b88de58ecef49a8a33bd46dc6791915.jpg,31.0
3d4234a60b264149888131a013356f6e.jpg,18.0
762505cf6d40437ca055fc170853f92d.jpg,44.0
740d11ee4bf041c586d15ae4691df6fb.jpg,13.0
798422cea4054d95919caa34c715de6e.jpg,37.0
8eb7a77a02d9463a8396209d917e5fa1.jpg,27.0
057edebad410449e98147a17b460e864.jpg,44.0
b4bda57ddbbf4bcbacd8652edcd81669.jpg,38.0
0a7579ae4a49498aa566615a818e2bea.jpg,23.0
6148834b649f40db9552b474bf95d828.jpg,44.0
b23068f7977f4e33a972c6b886bfa0bb.jpg,49.0
5821cd8a28a5422898631f33cddb96d9.jpg,39.0
d5d54ba056c24256af8b98ed8b5519bb.jpg,40.0
7df293c97c5b4900859287f0835a1ae6.jpg,21.0
b9543b6169274798981b29484d687a74.jpg,10.0
4ae410e6973c49fdb271ee33f30bca7f.jpg,26.0
200010456.jpg,23.0
7cd7a57cb06649e5bafe422061e70bf7.jpg,4.0
3d4c53748b01463b85e1e756dde5f778.jpg,36.0
300c6a04006e46769bdd0190f4c831a6.jpg,41.0
a40f79f871b74a82969e9f60b47a0913.jpg,18.0
74cb11b3cbe94b18b9543d1011525709.jpg,7.0
00000014.png,31.0
b13e87161db34dc29dae04a39d5953e2.jpg,34.0
8a774cbdb0194dcc8449f53bd8539304.jpg,33.0
82cec1f2f14640a0ac2454f26baa9ddd.jpg,7.0
af30483e382240d38890dec39e083b08.jpg,8.0
973a53af7750403f9abab19cd624e9d4.jpg,6.0
12a31ed7b91747d88e129795e07df3f4.jpg,29.0
da1300e0aa2349418cdb96a9b75616c6.jpg,43.0
b88e02a8978847eb8db397a48eb03d7b.jpg,6.0
8378dfbad88d481a87a16d97ff4bb4be.jpg,44.0
4d6fb844dbc1427ebf9fb849beca2cf3.jpg,31.0
77024cd4e1e341f98467b4b72e29681f.jpg,14.0
09e4765426ea4f6997d53d28a7a89e04.jpg,36.0
86aa8780a3d048ff8dc1590669f012a6.jpg,24.0
a45a14a67a7348bba57c06467bb73cde.jpg,8.0
7319e0de198d4776b4dd8282933a7afa.jpg,18.0
ab53c609cc2c442fa6188abda4dbbb45.jpg,25.0
169faa99364f4cdc80840e970401da61.jpg,48.0
539ab52d94d6441e959cc28277bbdfb4.jpg,10.0
8741ba5b08034923b8d3eb5430199878.jpg,20.0
cf424e27913246d9838ecb9488422136.jpg,39.0
00000029.jpg,31.0
33540e00d05d4b63ad7579c923012f57.jpg,44.0
a8ea791588dc4a2fb025cf584150f8f5.jpg,15.0
7967f6ce76504764a992c55148fa3774.jpg,39.0
129b09c1f42c4886b6f21e2bde617e2d.jpg,25.0
626451930cf04ed0b49a26ab4938a2d3.jpg,11.0
f4da9f40f0bb4cf2af2ffb91014c013a.jpg,4.0
84a09c85a4c84d2c9fb198fdeb834f58.jpg,3.0
65d2d61430564149942f00681c59f787.jpg,28.0
b36740ac7e084d1f86510e3dc510b254.jpg,34.0
90490b5ac0a8472791898900e39894be.jpg,48.0
00000052.png,31.0
10a6af37267d444ebf0fb56494c9ff8c.jpg,25.0
3740a4ae09164232813d3d575d90bd1a.jpg,6.0
112b4ea586524a0aa703b791c9141c99.jpg,36.0
2d61f5cb73d14ef2a0d8e44feb30dc86.jpg,34.0
0658886573ee4be19e81ded0ef9ca790.jpg,38.0
3aa71d045af14640aa319297d5ca4046.jpg,44.0
ac8416ed771d482983ac612f93a03519.jpg,24.0
8273f10166c5447bbb6baf5265655acb.jpg,43.0
31d5ba8f89074b7682bd2b9950500293.jpg,13.0
cff56faa906343ad94b42694b6515e5d.jpg,21.0
bcaa5549453b46c5bedc146090b5b810.jpg,24.0
27f9883aff304513a2fb51a6ee3b2799.jpg,19.0
efe48b7891d74f38b747fc49b1d1afec.jpg,8.0
d6b1ef7fd2e942649319c30d658ae51f.jpg,24.0
be0b79217b044c2db4cc640047aa7a62.jpg,25.0
7b789e82ee3343adbc5a3435c81e4818.jpg,43.0
2740394cdd564ce9a79388c2d222a745.jpg,14.0
a25475d3d2084b09854910d73e20aaeb.jpg,35.0
6ae0cb33f51f46bb9a27fa7090c2ee97.jpg,30.0
9e04aa8c55a04a10bb2cc72c02387308.jpg,14.0
84b4279efad54b1cb9af96d12405f728.jpg,41.0
a894f61c697844a6ba4ffff06cb95616.jpg,11.0
9c28772844b64d4ebc5f1989e9a47cfb.jpg,22.0
fb16b5fa83da4aa2b2a1aaf43d9d53c1.jpg,16.0
829ff835aa574acbb391a88e6d8f8771.jpg,7.0
f4925af0c2fc4807913ada75bff91ef1.jpg,43.0
82763f20153546da8d6f370b233548a8.jpg,28.0
35a8f88bcdd841aebc89d249f75a5d4d.jpg,20.0
38593e821d794ad2977be3b5dce4237f.jpg,39.0
00000055.png,31.0
2772119fb562418288db550720e63004.jpg,6.0
dfb1dadeb86a49f2a0c4059324acd184.jpg,11.0
253a5ae1089c424d8328f87890453390.jpg,39.0
357d2dbb9a0f46dbb64afc9f3f0bb44c.jpg,38.0
ac4962f49cd74dcfb6341a1f02e9ac1d.jpg,19.0
00000002.jpg,23.0
1d8cb8d609d149d7a6f177ea0b50f56c.jpg,30.0
c6c97e140df349e0a271bf5ebd3facf5.jpg,43.0
20da9f2a78cf4392ab3d3525351200ae.jpg,37.0
ad6468a0747f448c8fe4df7516c3d558.jpg,24.0
97fae6731ecf4a54b5e739e3324bc27c.jpg,39.0
e7299cb3153c4c7db09a208cbee31806.jpg,7.0
394ecc9f8f6f459bb33ace9aa478521b.jpg,10.0
c0c6bd0f71904eb6ac89b2cef3d41a5e.jpg,22.0
83d6caf8806b4bfda46f8ea1a5c27e4f.jpg,3.0
743fcc8382aa46858d762568e645c9e4.jpg,8.0
bdb49527a0a34cebb2241b06317a1b7b.jpg,21.0
c68418580a1444049cba933870ef81f4.jpg,39.0
36a0f42f7e99444aa704aac72fc93947.jpg,30.0
3254a7a5a521461aa0a50256e21f5931.jpg,9.0
b7cf499b0b44416a8fc6ea0e0c2e35fc.jpg,6.0
2e6acdc525e5467c9d6bf0d646cac2ce.jpg,19.0
1c901ab37c7d4119a2dbe334d7456a9e.jpg,32.0
77a4f551b74845d6a6e7004e503df754.jpg,25.0
53487582f09d40be9a9868113dcc7f22.jpg,19.0
59ba6821513640f0a88fcb54a9fed769.jpg,40.0
173d8f9dc0e14e9189bf2fc752f6303d.jpg,6.0
28ce55532d76464796c5e5da46c27533.jpg,49.0
6453dcdbb4d74a8581d4500df376efcf.jpg,24.0
5d21d2c825d640f0b1d29e7f10387d7c.jpg,39.0
b81bf1425e434fa0bfc23a6402067dd7.jpg,17.0
877bfc365a0b4c8eb8f4bd5e7f63cff9.jpeg,20.0
bb32fdf3c9d74f6da42b326f26da3554.jpg,6.0
bb7ddac66e694278aacf0769bf36c39d.jpg,37.0
176dd7f471dd4a63863fa6effbe398a7.jpg,25.0
491a9088ccab4fb686008bc28334eac3.jpg,14.0
6c4329bebd9a453790ff8560a9965f53.jpg,0.0
00000001.png,31.0
067810caf6ce4017b326051ad73f42f6.jpg,38.0
7bf4efb4787541b7b20582acb321cd12.jpg,28.0
a356bf706ca547caa081ee3ab2beb898.jpg,17.0
aa5cf4c4a6c04d1f87f395e6a43a5ba5.jpg,0.0
bf7950bd7ce74af28575d1f579567ab9.jpg,15.0
376c4f7931704d8695947958989f1aea.jpg,40.0
99f7058f626043c69b694e70392a3f1a.jpg,21.0
59cf5ce85a0b4319973e670754eb39ed.jpg,29.0
225cebb5c0b546b1adc33dc4b006eac9.jpg,26.0
55d6918cc629492198aadf6819d30df6.jpg,37.0
200010454.jpg,23.0
78f8502de8384cd2b1b081974999254a.jpg,36.0
c26d1fc9fe1c4ab787c426b0e0baa357.jpg,3.0
6fafbe812e8c4b9ba16d727cc9b6a127.jpg,31.0
a922c080731646cbbdb84e2252f7a6f1.jpg,10.0
8ba8d2abac0141c3a671d8bdd670cbf2.jpg,7.0
b1f11c0ad6e24c41b972baabaca782ba.jpg,20.0
2e3d0506300d46fd81b4ac399926df01.jpg,16.0
c2f5cd9851554b25912ef044e24f2d30.jpg,36.0
08df213d5fd7475ea474a17c7a0ac958.jpg,35.0
516c6ada3b6a4dd2907759796fde8622.jpg,3.0
4063d1a70f2a4bdf9b5a0df8a8a51107.jpg,24.0
e62ccd38204742188f6d237949ea8003.jpg,6.0
ad8112ebfc57489b87e434c40ede88b5.jpg,20.0
8f1fc7492e34458ab61f8ffe3efa2718.jpg,47.0
39fa51d9de9d45caa951dca04a72ed77.jpg,45.0
667bf431fce544d7898a9c62bf00a843.jpg,17.0
79777e65c70b4954a8b69933a56a6c1b.jpg,30.0
7c065bf7d60743628f2bac1e183379d8.jpg,28.0
2b98c225d39040aba68c203d05ea5ecb.jpg,33.0
2641402ac3804ff8812d1735b0a508ed.jpg,11.0
00000042.jpg,2.0
642288e766c448bebdbd707cee6da928.jpg,13.0
c83b9737719147a99c3ffe0e2e4e5709.jpg,5.0
7b14f976304944f0ab052218b36e24e5.jpg,34.0
0ae879ee1e1945928ea6b016142bcdc8.jpg,8.0
179fdc0309414eba93632e073b5e38a3.jpg,48.0
16eaa051c9bf44b2bf9c49341fbb4509.jpg,0.0
cd3df021992747efbcb5a9a2ab7eeaa1.jpg,26.0
32ffb11a384b4650ae20dfd1f09aaee3.jpg,25.0
49782db368d34719b448ec3e8488afee.jpg,7.0
bf7624ed612f44b38a7c96cd1a42d72b.jpg,44.0
70c80e56778e43278797a8ea7e8f4d52.jpg,10.0
ca443b42d91e430693d7cfb10da44ede.jpg,36.0
2dd0c78737d04f318c12d6a96e7cf013.jpg,19.0
3c0354fe50e140e8abed0a753fd34417.jpg,5.0
bf2019167fae4817972bd21cee5b4138.jpg,20.0
c3f34230c7e24d18845c4d2eaad54801.jpg,49.0
cadd0ec8c0b94d8e8d092c531f8d4727.jpg,24.0
ad62d3e2ad6841d3866a3bdc3d2cd9a9.jpg,25.0
1ff975a0a48142f1b2ebf625b583e5b5.jpg,13.0
c05f054b95b645269f730ec6652b568d.jpg,9.0
1ae4b4f0d7724d138eba3bc8bbd09e89.jpg,33.0
b7dd3c3ef237442f919c63ad252f775b.jpg,48.0
a839e326493547158a71674879cb9eb0.jpg,9.0
e151b01e9836426cbc049ca277a0f9e9.jpg,22.0
b563ba00f6f44266bb3b87e6f504837c.jpg,7.0
ee30beca84034c639f7a6e0abd94b448.jpg,8.0
8a6086d5b28d442d83fac5bc995598ce.jpg,33.0
50c381c85b1241c29acc498897a933fc.jpg,28.0
40fdd3d766784608903aa14f8fe76378.jpg,21.0
28eedd2e1a424d76a4490d9e514a3f79.jpg,41.0
ac8a6870af964d009d939d2dec846eea.jpg,36.0
370e57b63e0849a080cbb2bbd65585b1.jpg,6.0
22cd66736e594cf497303e570c8a5e41.jpg,0.0
78928422c4b447b9a645bb44036c5b32.jpg,15.0
011b5a95b95e4d3db3b5a5470134e87c.jpg,11.0
9f93037a9be142b7a352a61378845a98.jpg,24.0
af735a984a6248f3bbf5cd9504b7ac85.jpg,20.0
a13cdda2bdc34127b1df7fa0f6ac8391.jpg,39.0
200010467.png,23.0
71d0e67f414b4110bbc91783f42482ce.jpg,20.0
ad62df055e7145ca9d06e4ce48d681f7.jpg,34.0
43d5ad56d052458e9850acdeb607124e.jpg,11.0
5712934f8f0f4d489cef1f6431bda731.jpg,18.0
730d1ed5ddba40d5aa69cf13a2432290.jpg,22.0
a0df9c0641cb4432bb4b0da47d620626.jpg,26.0
3485e65022024bbc9346a82292694c81.jpg,30.0
3433346bbeb547649ae94b7936363206.jpg,13.0
2a373754500d4b9c8917a82db50cf1c4.jpg,37.0
298b387992714c5fbfdafdfa3ec4cab4.jpg,4.0
03fc1a32c047457d9d5b2c0ce510e86d.jpg,18.0
7268b732a12744e4b1bce6da72076c5d.jpg,12.0
b68e04f6c8b0484a85bff7ea748dbc1f.jpg,34.0
85d82768de734ecdb8c6d7abafb2bd6b.jpg,40.0
74ed3b6458774b2ba56d3be9564c4809.jpg,30.0
bc9cea9aa8ac44d580b09a55310ec777.jpg,20.0
ab5646a71e9f476b9f686aa70cae862d.jpg,44.0
3818ecddd4a542f883c97293eca20c09.jpg,18.0
a65edbeb6a87493e8a2bcf2b9552abee.jpg,11.0
8b561801290d4a2f8212b34d9daef62c.jpg,13.0
2c014b04f1c64ae6821c19d03c148a19.jpg,24.0
0a862afc50d34726a9b4d1369171ea4a.jpg,36.0
9ca0f0fa41f5453d8aa97efd4c26084b.jpg,23.0
aee487dcd4c847009d6075dd135a6ec2.jpg,16.0
250da8dceed04fdb81c45a5836b2b155.jpg,48.0
33ebf44a43824485a4e54f7061e22e76.jpg,29.0
5e9e546c88f1432c9431a5354bdaf1b0.jpg,7.0
c89b5655817c401d9f7b2187910befcd.jpg,40.0
c7ceffd9088e4791b8e350cb64f6feaf.jpg,24.0
dc08d0d6143e4d62bb9dbf509596094e.jpg,49.0
43263420b96d407c95563cfe3e237ec8.jpg,30.0
2a0cd6564dd842fea0c5cc4ebf468c40.jpg,25.0
144d46cee3624f61828716b965faaf05.jpg,21.0
1a451e2a95b4481f9b51e192cbb90f3a.jpg,40.0
12ae3978ddf544a697003326f8aa0449.jpg,45.0
c7b5cf3ccb9c494bbeb0d09404905ee7.jpg,48.0
576295f9c8834b2db33b27a5ec793409.jpg,34.0
7ac9eb82ce0a4786a34f9dd74f553e34.jpg,37.0
9323dd3300144e769d6c71d964577caf.jpg,21.0
82774c63764d4ca8964b8324a095dc97.jpg,32.0
00000024.png,31.0
8845817c575d445997c38d52bc4b94c3.jpg,26.0
12ec331842424028b98505ccce3da18e.jpg,49.0
ada6b55ba2cd4e5cbbe10fa0d6264687.jpg,38.0
1a0f65cdf2a04ec19aaae20b5ec45f2b.jpg,26.0
6ca902064c3d440e9eae463c91f77169.jpg,26.0
77f2b2cc3d5645758f8f074255e7717a.jpg,16.0
8afb492db59a4f938f4ec16ec14fd5b5.jpg,6.0
09aeac19ddda4463af325f7c20b74ea7.jpg,4.0
0b35853ec5ce404f8b5424934649b6a5.jpg,41.0
adffeecb6b404c3b9da4c600320b434b.jpg,20.0
3dae80e3d58c4a85a6714d371da0d20c.jpg,13.0
17e6ebce9fce4f12bdc6c17f299ef6be.jpg,38.0
47d069b9d46b4f2880a690acfdd599f6.jpg,49.0
2ece33ebf4244450ac5a0a6d93eeface.jpg,20.0
ffa80a4318934766a66b53bcf07a319b.jpg,8.0
9a6417b654a8437296ac5d19de0651fb.jpg,10.0
200010446.png,2.0
3daf062369ad4aba9e41ce5ac1325bab.jpg,4.0
976e0e50333c4e51a381e93c53351229.jpg,33.0
2f7fb89ef10948d9a5bb5db16b788aa6.jpg,13.0
6f33ded5149e4a14920b60582a0e068c.jpg,8.0
200010468.png,23.0
55619fce63384c47a8dedb6cd9760b35.jpg,44.0
c6669ccf9a56452890d5371e5e1c84cb.jpg,28.0
1156ca78f656428fa68bb2ec23ac8098.jpg,43.0
9e315cea4c944136a9b1f30b2018e6dd.jpg,31.0
9d8debfa0825414a8af30eef2a8db3f8.jpg,9.0
b267ba8fa850426b8658e9a0adea011d.jpg,17.0
45ed0e891a05490da6253270889b69ae.jpg,13.0
325d7727e41246768e6b88eadc2a14e2.jpg,33.0
628c1452799e4218b99ef1c64670d872.jpg,4.0
d43ffc01e4bd4bc394ad72a0797e4edf.jpg,26.0
8bf05ec0d5634e4ba2ad025173776017.jpg,44.0
c0d9680eeb85459f93205ba568c0bd8f.jpg,49.0
22d16a81913d4bd98d99bd5e6a484555.jpg,29.0
09a9d37f135f492a97f98adb15e1105c.jpg,10.0
aac2e6cb3907459cb972f6b3168318f1.jpg,27.0
0da072a8cb3a4818b28dc2c209b3649a.jpg,30.0
2664613a87ef431fb7495f1c2e94ffdb.jpg,3.0
302e1ec5b4124303819848bfc69fe228.jpg,17.0
7af0b74befd44d9aaf0b55f4f012e773.jpg,28.0
917c8b326aa34fba8e251fe6002d9b14.jpg,24.0
200010453.png,2.0
e0f6197a236444e9949108c466c719e2.jpg,42.0
9b44077682da4322926c168e4f4dc5aa.jpg,19.0
00000042.jpeg,23.0
eecf8868ef7143cebc153510d1cb02cc.jpg,18.0
371c478ea35147b99769ad0afe6bff5f.jpg,3.0
00000058.png,31.0
9562eea6a3814cc695a18e1e561e0536.jpg,14.0
33dc4c30cd1c47c7b3486ebe6ba5066f.jpg,18.0
20127bfc7fb5443984fffc886465ad80.jpg,40.0
7450e63bcba0497489f113f5326c817d.jpg,44.0
bac3a82e15d64c759954fd090073278b.jpg,17.0
a7fc8277ae4740dc91dd35b12fe24a48.jpg,20.0
371356201f084ffaa48ecd78137e65ff.jpg,27.0
3016d9a295374e60a41cda51e8238a7f.jpg,36.0
53891a1ed4984b29a4fb8b8c890441b8.jpg,30.0
be402074319649d2a79d42fd3ba543f9.jpg,10.0
4fd84ab85c7346b3a0d505dbc2c07295.jpg,13.0
461e3d54c3f843e4a1c1cbf927ee0f29.jpg,27.0
2f6593d45bb94c22817ac26898d1e90f.jpg,38.0
94f587e99f93487abb206d1493eb8af6.jpg,38.0
15fe7e3894584698bd8391edaa838dc4.jpg,41.0
5916dc40c2aa4ea68cab01a85d4b0056.jpg,9.0
c2f41bf6b4c24e21bd6e74c619345b72.jpg,19.0
b3f1f270a1d5412d99dfe6e8c8ba16e7.jpg,37.0
da29c3832bc34e83bd66e173820dd060.jpg,22.0
2f9f754d767147eba5e81d6f3eaa7a74.jpg,26.0
0ae09b8d90b445e09d96735f25e88baa.jpg,27.0
3f45618f0ea145a2989d5c3a17f4a46f.jpg,16.0
307ada2128f64a07b0c2708691d71ad0.jpg,22.0
9616d63585e74064b77beb8a06202e52.jpg,4.0
00000043.jpg,2.0
935efc4cc352484fb0715d281470c369.jpg,44.0
d2bf55707ea14faaa5466bc0c875717b.jpg,24.0
6862da17b1554712b4cd73b0c7d7ba50.jpg,25.0
27f433793c914bd1b5ced045696c6879.jpg,18.0
7fbf46ea83784cfda36e162f659a9a60.jpg,45.0
9840062b705f4513aa6491d12fe40e51.jpg,33.0
554dab9b2fee468da30464105367722a.jpg,49.0
37ded73195384c7ea49378baeda8d99c.jpg,15.0
7d96f11fe3d54ebe9f9c8065eb1da7aa.jpg,39.0
6b58b374969e47e392b9152015a3bd05.jpg,41.0
9baf6f692e6d42e2b845de61016f455f.jpg,32.0
aa9b85417f4f43dab9f125484e0621b9.jpg,27.0
85192881e59f4d73925b96169b602879.jpg,14.0
17fbfac9e5ce4ec3bac143e6c7904851.jpg,19.0
bb7c0535e6854b7a8b7fe7a941bf155f.jpg,49.0
f2e7587b4e804643b6df7f5f8a92edcb.jpg,9.0
6e9e3a155eb94d04b72240cf39b47301.jpg,41.0
c846525bfa5a469da3961220c02cc576.jpg,21.0
00000035.jpg,2.0
6c87dd3f88334810979168eb094aaa18.jpg,37.0
6f95f46ab8914aeb96d2303819ea2e41.jpg,7.0
2eaabfcad91544888d29e6b37ee4fb9b.jpg,15.0
87863283f4814bb391047f9922a9df15.jpg,32.0
d98c14a4607f447b94cb1b63f53c9adc.jpg,6.0
5284c5d0c94a45e796bcae2fbcbcb94c.jpg,21.0
867f0552a3204c979a2d13e37dc91eb8.jpg,37.0
b82aef311d75482b931f8f886fecad08.jpg,14.0
e92e45465b6645f6bcf6367d13d21a0f.jpg,3.0
dc712d954fe745da9119ebeb4fa32944.jpg,9.0
7cc26fd1f387491ebe53c5eaa9a7dce3.jpg,21.0
32d6610d5b9141b6a3864360ac67bec8.jpg,43.0
c07421b74a7e4eab8d07a2cb619dc62d.jpg,26.0
2cd512fc8f82435ca94592c5ad5a6fc1.jpg,14.0
200010455.jpg,23.0
66fe302feaf6475a89a489d0b1932f87.jpg,14.0
00000008.jpeg,23.0
178c26aa291345aa88d12963c2953bc5.jpg,7.0
b641550bf67e43b2ab678aa8daa77e10.jpg,41.0
5adc0abf4bc845d4897a760fb5ed61a9.jpg,13.0
0ff18c7330f04b4cacc184687d7330c7.jpg,38.0
200010462.jpg,23.0
a253b2c98c8842aaafa72eaaaac6f960.jpg,27.0
9c58f55115744483a59899a4614cf61c.jpg,36.0
bde05b53e49f4150973f305aedf0a71c.jpg,7.0
1b22b6f2203e4e2d8c0c8e992a33dcd6.jpg,40.0
c8e32718d8324668ba0df2695b99be77.jpg,36.0
5d91c83c99964cffb9a524751b8472bd.jpg,33.0
aeefb87a0e2446f5a22a4d5d01ae2f56.jpg,10.0
3ddf1813a01348b08520ed3f44c2e0ae.jpg,20.0
b13a2e24470e4587992ed87eb191e41f.jpg,26.0
9db8639fcdd34e35914b88de30d1832a.jpg,49.0
4f303f5f2d1547a1afbf1b4cd782e724.jpg,8.0
9a986c5f04f6478c85da7d8b4e79048b.jpg,31.0
fb9e88b0f5a0440eb71f7660b40787b8.jpg,1.0
cc45a94b673b41aebeee0ead396bbcc9.jpg,16.0
8eea853e3e8b407eb018c14187ad2cb6.jpg,2.0
b3cb4066d5ca49caaaa9376f2459f70c.jpg,22.0
347bc4fbe561467c9d4f1cbbcd3f140f.jpg,9.0
785e457239284193bed3fbde40d5144e.jpg,18.0
c36f0fdd03ba4231b5397b576b27b7b0.jpg,43.0
5991f866bb544d5e9691624c2835eb02.jpg,14.0
6974a8325ef24231ab641e65dac62c74.jpg,24.0
7f79c25200754d38b3e8ad9b8f16f50d.jpg,3.0
c82f33a3ac2a47c6bb93c675b8408fd7.jpg,34.0
116e8958d7de4e36b030a22623686ebe.jpg,0.0
2b466f2aa2dd4a158ce5b641debb6e91.jpg,27.0
56d49e45fe0246d8a7eeece8b5569f71.jpg,31.0
00000044.png,2.0
00000022.png,2.0
200010459.png,23.0
67d7ea38e39b4f3b807a4f57a3013034.jpg,1.0
a7dd075453594a5dba2ab064c12ac7c4.jpg,9.0
8174fee44a07451c815be5978bf9363d.jpg,16.0
80dd68dee0704a0eaccde289e8a2a2fd.jpg,43.0
dcd0c65cee5c4f259b7937fd29a14484.jpg,7.0
6ffe50de5cc642db86889c84849cbbb7.jpg,27.0
4d59cf582ff1436bbd8556348bf6a362.jpg,19.0
a092574ddfd6461ea14f98a719524fa4.jpg,39.0
aa7b74f0724e4bd8ab1439cc1bb48d0e.jpg,35.0
9b8f72af4fa44a5084869fe5db592ee3.jpg,18.0
45a79614d62a435c8204783f8fb8186d.jpg,28.0
48ad51dc7bc64f76ac0156041bbc5449.jpg,0.0
1be86f9026e44cb58e35c25778cc7aad.jpg,34.0
34f5854ee25f415481e5ef1142baf632.jpg,49.0
12ca674530f04f3396e74b6f37f620fd.jpg,15.0
815b279060b94e12a6b35d434a5250c2.jpg,8.0
61872d6df03c4f98b0753548151f92d8.jpg,35.0
65ddc7865a574b3da43313811681e39c.jpg,43.0
93c14491c4f04b42ae19032829658286.jpg,43.0
e299d1fb305d4e69b968bc1d375efc6a.jpg,9.0
8fd3bf4e517040c398f98e66154d920c.jpg,4.0
6e75071c181b41e6b06873baa8ea84c4.jpg,0.0
8cb9854e303948e7b649045b37f09e72.jpg,25.0
b258883b0cd9463eae08df2d1925c963.jpg,43.0
7143f3300eab4a6da0a379a6e85019be.jpg,27.0
3e8bb46465d64ae4b908be17c5fe4d88.jpg,13.0
ac819ff1ba7241ef9464841367826984.jpg,48.0
cb1cb8a80cdc4da09465f5850eb49236.jpg,11.0
9b52022fa13b46e6a640ca44e60cbb9a.jpg,22.0
200010447.png,2.0
26e292e5de8e4fc489bda4cce3ab8a9e.jpg,46.0
84620a260ef14dc19614bda1ccf308d8.jpg,28.0
977982370c1d450ab62f6d28c20ed8f9.jpg,30.0
950281305cb24bd8ba2683d633d437fd.jpg,6.0
36ee25d2bd534842aa8987570befb336.jpg,37.0
492f63ecf9f043c8a4604073c40a0fa8.jpg,0.0
4177130b94374924ac5151b481d31ce2.jpg,41.0
5c8464b330664a52962f0f20cb0c6ba1.jpg,26.0
ec51e886914940af9e33ffa304e48774.jpg,0.0
06d45adf65b74144ba35ed1466450c56.jpg,19.0
b5e50c3a5a374620a4afffdd540e991f.jpg,10.0
56c1ee16eee04a9ca35fd433070f0e65.jpg,49.0
9280e9a9541e44d5b7c1cf7f338c7d6d.jpg,43.0
755f8be66bda4a4486a4e3c92394e2fe.jpg,48.0
04cceb24acfe4c2488aa8f8f4d1f726f.jpg,20.0
4dd987287847447daabcaab2dda0330b.jpg,0.0
9d5bbc03ada74e2ab76e3f21276e9b8b.jpg,41.0
3efae1c0b6134e9b9273fc92274a73cb.jpg,0.0
b7d40b9c2caf447ebd29929e75f4581c.jpg,15.0
bed34df3c3e241458e5dd32459ec3ec6.jpg,3.0
138828815df04b3eac362ed70419ad4c.jpg,34.0
7b4dfab0f77b4514840c967e8b9a6da9.jpg,4.0
0f11107609a4419d95c98869c4196628.jpg,24.0
6c23cda0ba844a3f921f891e874893b1.jpg,13.0
94cead5bd14144659bc3aeb0256c9500.jpg,39.0
0cd3fb736ac0405bb7c1dd4f1b7eb3da.jpg,14.0
15e06daa99e04e558a835a9833b51762.jpg,26.0
8e7a23a275a94c3fb024ecfb1c3a36de.jpg,20.0
15abf69dd3b948428b8cf3293e4a3429.jpg,8.0
8e17cdd8eec54e73ba92e33eccb07718.jpg,2.0
cea5d1912ab24dc2b53b1fb5a67d3175.jpg,11.0
df96cd1a14304931af5e95b52fada182.jpg,26.0
8fbc52e65bdb4c768d037af33d947d53.jpg,11.0
1058c2e931134387a008512071057a77.jpg,38.0
905527f5dd374fbe8086a51c85d31587.jpg,16.0
7c870a2696754f1f810bc11ad103756c.jpg,44.0
2f406a58ce564fe18486222be8a61c30.jpg,22.0
